date,library,scheme,report,commit,device,n,q,p,t,digit_size,sigma,cutoff,security_q_bits,security_qp_bits,security_required_bits,estimator_mode,estimator_cost_model,estimator_attack_set,he_standard_classification,he_standard_parameters_match,he_standard_classical_bits,he_standard_modulus_bits,he_standard_actual_modulus_bits,he_standard_source,cli_revision,estimator_revision,timing_contract,operation,samples,host_median_seconds,host_mean_seconds,gpu_median_seconds,gpu_mean_seconds,manifest,phantom_error_distribution,phantom_actual_sigma,phantom_secret_distribution,phantom_report,phantom_revision,phantom_host_median_seconds,phantom_host_mean_seconds,phantom_gpu_median_seconds,phantom_gpu_mean_seconds,host_median_slowdown,host_mean_slowdown,case,bit,monomial_exponent,scale,base_bits,digits
2026-09-07,mxx,bgv,test_data/fhe-round-trip/bgv/1788754956004699499-1829245.json,ebcc9b374594527ce05c36e9783bb14c6e2283e4,NVIDIA GeForce RTX 4080 SUPER,8192,"[18014398507892737,18014398508138497,18014398508400641]",[72057594037616641],1032193,1,3.2,20,144,94,0,rough,ADPS16 / Core-SVP,"usvp, dual_hybrid; conditional arora-gb (LWE.estimate.rough)",HE Standard-derived ternary classical 128-bit table,True,128,218,218,https://github.com/encryptorion-lab/phantom-fhe/blob/1f4a198443b3af77118e51f53d5b8f332154b875/include/host/hestdparms.h,2d2980ddf7fba0d1fee407999fbb9adf26bf3368,e35f45b7976a90a79c3c6625a45bbc344c1abc67,"host elapsed production execute + resident output retrieval + output result-event wait; inputs and outputs remain GPU-resident; excludes prior-iteration cleanup, output serialization and transfers, input generation, keygen, encrypt, graph validation, decrypt, diagnostics",multiply,100,0.00010664600000000001,0.00010625291,,,test_data/fhe-round-trip/phantom/mxx-phantom-54.json,centered_binomial_21,3.24037034920393,uniform_ternary,test_data/fhe-round-trip/phantom/54-final-1.json,1f4a198443b3af77118e51f53d5b8f332154b875,1.038e-05,1.041913e-05,6.144000217318535e-06,6.362560098059475e-06,10.274181117533718,10.197867768230168,,,,,,
2026-09-07,mxx,bgv,test_data/fhe-round-trip/bgv/1788754956004699499-1829245.json,ebcc9b374594527ce05c36e9783bb14c6e2283e4,NVIDIA GeForce RTX 4080 SUPER,8192,"[18014398507892737,18014398508138497,18014398508400641]",[72057594037616641],1032193,1,3.2,20,144,94,0,rough,ADPS16 / Core-SVP,"usvp, dual_hybrid; conditional arora-gb (LWE.estimate.rough)",HE Standard-derived ternary classical 128-bit table,True,128,218,218,https://github.com/encryptorion-lab/phantom-fhe/blob/1f4a198443b3af77118e51f53d5b8f332154b875/include/host/hestdparms.h,2d2980ddf7fba0d1fee407999fbb9adf26bf3368,e35f45b7976a90a79c3c6625a45bbc344c1abc67,"host elapsed production execute + resident output retrieval + output result-event wait; inputs and outputs remain GPU-resident; excludes prior-iteration cleanup, output serialization and transfers, input generation, keygen, encrypt, graph validation, decrypt, diagnostics",multiply_relinearize,100,0.00023828450000000002,0.00024764117,,,test_data/fhe-round-trip/phantom/mxx-phantom-54.json,centered_binomial_21,3.24037034920393,uniform_ternary,test_data/fhe-round-trip/phantom/54-final-1.json,1f4a198443b3af77118e51f53d5b8f332154b875,0.0001183385,0.00011877292,0.00011439999938011169,0.00011459680110216141,2.013583913941786,2.08499689996676,,,,,,
2026-09-07,mxx,bgv,test_data/fhe-round-trip/bgv/1788754956004699499-1829245.json,ebcc9b374594527ce05c36e9783bb14c6e2283e4,NVIDIA GeForce RTX 4080 SUPER,8192,"[18014398507892737,18014398508138497,18014398508400641]",[72057594037616641],1032193,1,3.2,20,144,94,0,rough,ADPS16 / Core-SVP,"usvp, dual_hybrid; conditional arora-gb (LWE.estimate.rough)",HE Standard-derived ternary classical 128-bit table,True,128,218,218,https://github.com/encryptorion-lab/phantom-fhe/blob/1f4a198443b3af77118e51f53d5b8f332154b875/include/host/hestdparms.h,2d2980ddf7fba0d1fee407999fbb9adf26bf3368,e35f45b7976a90a79c3c6625a45bbc344c1abc67,"host elapsed production execute + resident output retrieval + output result-event wait; inputs and outputs remain GPU-resident; excludes prior-iteration cleanup, output serialization and transfers, input generation, keygen, encrypt, graph validation, decrypt, diagnostics",multiply_relinearize_modswitch,100,0.0002514345,0.00025535435,,,test_data/fhe-round-trip/phantom/mxx-phantom-54.json,centered_binomial_21,3.24037034920393,uniform_ternary,test_data/fhe-round-trip/phantom/54-final-1.json,1f4a198443b3af77118e51f53d5b8f332154b875,0.000160789,0.00016101088,0.0001565439999103546,0.00015674271851778032,1.5637543613058107,1.5859446889551811,,,,,,
2026-09-07,mxx,bgv,test_data/fhe-round-trip/bgv/1788754956004699499-1829245.json,ebcc9b374594527ce05c36e9783bb14c6e2283e4,NVIDIA GeForce RTX 4080 SUPER,8192,"[18014398507892737,18014398508138497,18014398508400641]",[72057594037616641],1032193,1,3.2,20,144,94,0,rough,ADPS16 / Core-SVP,"usvp, dual_hybrid; conditional arora-gb (LWE.estimate.rough)",HE Standard-derived ternary classical 128-bit table,True,128,218,218,https://github.com/encryptorion-lab/phantom-fhe/blob/1f4a198443b3af77118e51f53d5b8f332154b875/include/host/hestdparms.h,2d2980ddf7fba0d1fee407999fbb9adf26bf3368,e35f45b7976a90a79c3c6625a45bbc344c1abc67,"host elapsed production execute + resident output retrieval + output result-event wait; inputs and outputs remain GPU-resident; excludes prior-iteration cleanup, output serialization and transfers, input generation, keygen, encrypt, graph validation, decrypt, diagnostics",relinearize,100,0.00020057849999999998,0.000202487,,,test_data/fhe-round-trip/phantom/mxx-phantom-54.json,centered_binomial_21,3.24037034920393,uniform_ternary,test_data/fhe-round-trip/phantom/54-final-1.json,1f4a198443b3af77118e51f53d5b8f332154b875,0.00011386999999999999,0.00011431056,0.00010956799983978272,0.00010999519921839237,1.7614692192851498,1.771376152824376,,,,,,
2026-09-07,mxx,bgv,test_data/fhe-round-trip/bgv/1788754956004699499-1829245.json,ebcc9b374594527ce05c36e9783bb14c6e2283e4,NVIDIA GeForce RTX 4080 SUPER,8192,"[18014398507892737,18014398508138497,18014398508400641]",[72057594037616641],1032193,1,3.2,20,144,94,0,rough,ADPS16 / Core-SVP,"usvp, dual_hybrid; conditional arora-gb (LWE.estimate.rough)",HE Standard-derived ternary classical 128-bit table,True,128,218,218,https://github.com/encryptorion-lab/phantom-fhe/blob/1f4a198443b3af77118e51f53d5b8f332154b875/include/host/hestdparms.h,2d2980ddf7fba0d1fee407999fbb9adf26bf3368,e35f45b7976a90a79c3c6625a45bbc344c1abc67,"host elapsed production execute + resident output retrieval + output result-event wait; inputs and outputs remain GPU-resident; excludes prior-iteration cleanup, output serialization and transfers, input generation, keygen, encrypt, graph validation, decrypt, diagnostics",modswitch,100,7.8488e-05,7.84392e-05,,,test_data/fhe-round-trip/phantom/mxx-phantom-54.json,centered_binomial_21,3.24037034920393,uniform_ternary,test_data/fhe-round-trip/phantom/54-final-1.json,1f4a198443b3af77118e51f53d5b8f332154b875,4.8141e-05,4.825336e-05,4.403200000524521e-05,4.405471991747618e-05,1.6303774329573544,1.6255697012601817,,,,,,
2026-09-07,mxx,bgv,test_data/fhe-round-trip/bgv/1788755104889790247-1830605.json,ebcc9b374594527ce05c36e9783bb14c6e2283e4,NVIDIA GeForce RTX 4080 SUPER,8192,"[18014398507892737,18014398508138497,18014398508400641]",[72057594037616641],1032193,1,3.2,20,144,94,0,rough,ADPS16 / Core-SVP,"usvp, dual_hybrid; conditional arora-gb (LWE.estimate.rough)",HE Standard-derived ternary classical 128-bit table,True,128,218,218,https://github.com/encryptorion-lab/phantom-fhe/blob/1f4a198443b3af77118e51f53d5b8f332154b875/include/host/hestdparms.h,2d2980ddf7fba0d1fee407999fbb9adf26bf3368,e35f45b7976a90a79c3c6625a45bbc344c1abc67,"host elapsed production execute + resident output retrieval + output result-event wait; inputs and outputs remain GPU-resident; excludes prior-iteration cleanup, output serialization and transfers, input generation, keygen, encrypt, graph validation, decrypt, diagnostics",multiply,100,8.45e-05,8.426973e-05,,,test_data/fhe-round-trip/phantom/mxx-phantom-54.json,centered_binomial_21,3.24037034920393,uniform_ternary,test_data/fhe-round-trip/phantom/54-final-2.json,1f4a198443b3af77118e51f53d5b8f332154b875,1.05095e-05,1.060212e-05,6.1759999953210356e-06,6.505280090495944e-06,8.040344450259289,7.948384851331621,,,,,,
2026-09-07,mxx,bgv,test_data/fhe-round-trip/bgv/1788755104889790247-1830605.json,ebcc9b374594527ce05c36e9783bb14c6e2283e4,NVIDIA GeForce RTX 4080 SUPER,8192,"[18014398507892737,18014398508138497,18014398508400641]",[72057594037616641],1032193,1,3.2,20,144,94,0,rough,ADPS16 / Core-SVP,"usvp, dual_hybrid; conditional arora-gb (LWE.estimate.rough)",HE Standard-derived ternary classical 128-bit table,True,128,218,218,https://github.com/encryptorion-lab/phantom-fhe/blob/1f4a198443b3af77118e51f53d5b8f332154b875/include/host/hestdparms.h,2d2980ddf7fba0d1fee407999fbb9adf26bf3368,e35f45b7976a90a79c3c6625a45bbc344c1abc67,"host elapsed production execute + resident output retrieval + output result-event wait; inputs and outputs remain GPU-resident; excludes prior-iteration cleanup, output serialization and transfers, input generation, keygen, encrypt, graph validation, decrypt, diagnostics",multiply_relinearize,100,0.000212055,0.0002133817,,,test_data/fhe-round-trip/phantom/mxx-phantom-54.json,centered_binomial_21,3.24037034920393,uniform_ternary,test_data/fhe-round-trip/phantom/54-final-2.json,1f4a198443b3af77118e51f53d5b8f332154b875,0.000118243,0.00011858818,0.00011433599889278412,0.00011444480083882809,1.7933831178166995,1.799350491760646,,,,,,
2026-09-07,mxx,bgv,test_data/fhe-round-trip/bgv/1788755104889790247-1830605.json,ebcc9b374594527ce05c36e9783bb14c6e2283e4,NVIDIA GeForce RTX 4080 SUPER,8192,"[18014398507892737,18014398508138497,18014398508400641]",[72057594037616641],1032193,1,3.2,20,144,94,0,rough,ADPS16 / Core-SVP,"usvp, dual_hybrid; conditional arora-gb (LWE.estimate.rough)",HE Standard-derived ternary classical 128-bit table,True,128,218,218,https://github.com/encryptorion-lab/phantom-fhe/blob/1f4a198443b3af77118e51f53d5b8f332154b875/include/host/hestdparms.h,2d2980ddf7fba0d1fee407999fbb9adf26bf3368,e35f45b7976a90a79c3c6625a45bbc344c1abc67,"host elapsed production execute + resident output retrieval + output result-event wait; inputs and outputs remain GPU-resident; excludes prior-iteration cleanup, output serialization and transfers, input generation, keygen, encrypt, graph validation, decrypt, diagnostics",multiply_relinearize_modswitch,100,0.000234698,0.00023507138,,,test_data/fhe-round-trip/phantom/mxx-phantom-54.json,centered_binomial_21,3.24037034920393,uniform_ternary,test_data/fhe-round-trip/phantom/54-final-2.json,1f4a198443b3af77118e51f53d5b8f332154b875,0.000160643,0.00016100785,0.0001566399931907654,0.00015680223837494852,1.4609911418486956,1.459999496918939,,,,,,
2026-09-07,mxx,bgv,test_data/fhe-round-trip/bgv/1788755104889790247-1830605.json,ebcc9b374594527ce05c36e9783bb14c6e2283e4,NVIDIA GeForce RTX 4080 SUPER,8192,"[18014398507892737,18014398508138497,18014398508400641]",[72057594037616641],1032193,1,3.2,20,144,94,0,rough,ADPS16 / Core-SVP,"usvp, dual_hybrid; conditional arora-gb (LWE.estimate.rough)",HE Standard-derived ternary classical 128-bit table,True,128,218,218,https://github.com/encryptorion-lab/phantom-fhe/blob/1f4a198443b3af77118e51f53d5b8f332154b875/include/host/hestdparms.h,2d2980ddf7fba0d1fee407999fbb9adf26bf3368,e35f45b7976a90a79c3c6625a45bbc344c1abc67,"host elapsed production execute + resident output retrieval + output result-event wait; inputs and outputs remain GPU-resident; excludes prior-iteration cleanup, output serialization and transfers, input generation, keygen, encrypt, graph validation, decrypt, diagnostics",relinearize,100,0.000192463,0.00019363007,,,test_data/fhe-round-trip/phantom/mxx-phantom-54.json,centered_binomial_21,3.24037034920393,uniform_ternary,test_data/fhe-round-trip/phantom/54-final-2.json,1f4a198443b3af77118e51f53d5b8f332154b875,0.000113955,0.0001143348,0.00010956799983978272,0.00011009919933974743,1.6889386161203983,1.6935357389001424,,,,,,
2026-09-07,mxx,bgv,test_data/fhe-round-trip/bgv/1788755104889790247-1830605.json,ebcc9b374594527ce05c36e9783bb14c6e2283e4,NVIDIA GeForce RTX 4080 SUPER,8192,"[18014398507892737,18014398508138497,18014398508400641]",[72057594037616641],1032193,1,3.2,20,144,94,0,rough,ADPS16 / Core-SVP,"usvp, dual_hybrid; conditional arora-gb (LWE.estimate.rough)",HE Standard-derived ternary classical 128-bit table,True,128,218,218,https://github.com/encryptorion-lab/phantom-fhe/blob/1f4a198443b3af77118e51f53d5b8f332154b875/include/host/hestdparms.h,2d2980ddf7fba0d1fee407999fbb9adf26bf3368,e35f45b7976a90a79c3c6625a45bbc344c1abc67,"host elapsed production execute + resident output retrieval + output result-event wait; inputs and outputs remain GPU-resident; excludes prior-iteration cleanup, output serialization and transfers, input generation, keygen, encrypt, graph validation, decrypt, diagnostics",modswitch,100,8.0502e-05,8.092669e-05,,,test_data/fhe-round-trip/phantom/mxx-phantom-54.json,centered_binomial_21,3.24037034920393,uniform_ternary,test_data/fhe-round-trip/phantom/54-final-2.json,1f4a198443b3af77118e51f53d5b8f332154b875,4.80755e-05,4.811601e-05,4.403200000524521e-05,4.3991360031068326e-05,1.6744911649384822,1.6819077475459832,,,,,,
2026-09-07,mxx,bgv,test_data/fhe-round-trip/bgv/1788755253257999369-1831336.json,ebcc9b374594527ce05c36e9783bb14c6e2283e4,NVIDIA GeForce RTX 4080 SUPER,8192,"[18014398507892737,18014398508138497,18014398508400641]",[72057594037616641],1032193,1,3.2,20,144,94,0,rough,ADPS16 / Core-SVP,"usvp, dual_hybrid; conditional arora-gb (LWE.estimate.rough)",HE Standard-derived ternary classical 128-bit table,True,128,218,218,https://github.com/encryptorion-lab/phantom-fhe/blob/1f4a198443b3af77118e51f53d5b8f332154b875/include/host/hestdparms.h,2d2980ddf7fba0d1fee407999fbb9adf26bf3368,e35f45b7976a90a79c3c6625a45bbc344c1abc67,"host elapsed production execute + resident output retrieval + output result-event wait; inputs and outputs remain GPU-resident; excludes prior-iteration cleanup, output serialization and transfers, input generation, keygen, encrypt, graph validation, decrypt, diagnostics",multiply,100,9.7674e-05,9.861018e-05,,,test_data/fhe-round-trip/phantom/mxx-phantom-54.json,centered_binomial_21,3.24037034920393,uniform_ternary,test_data/fhe-round-trip/phantom/54-final-3.json,1f4a198443b3af77118e51f53d5b8f332154b875,1.0529500000000001e-05,1.07414e-05,6.240000016987324e-06,6.622720053419471e-06,9.276223942257467,9.180384307445957,,,,,,
2026-09-07,mxx,bgv,test_data/fhe-round-trip/bgv/1788755253257999369-1831336.json,ebcc9b374594527ce05c36e9783bb14c6e2283e4,NVIDIA GeForce RTX 4080 SUPER,8192,"[18014398507892737,18014398508138497,18014398508400641]",[72057594037616641],1032193,1,3.2,20,144,94,0,rough,ADPS16 / Core-SVP,"usvp, dual_hybrid; conditional arora-gb (LWE.estimate.rough)",HE Standard-derived ternary classical 128-bit table,True,128,218,218,https://github.com/encryptorion-lab/phantom-fhe/blob/1f4a198443b3af77118e51f53d5b8f332154b875/include/host/hestdparms.h,2d2980ddf7fba0d1fee407999fbb9adf26bf3368,e35f45b7976a90a79c3c6625a45bbc344c1abc67,"host elapsed production execute + resident output retrieval + output result-event wait; inputs and outputs remain GPU-resident; excludes prior-iteration cleanup, output serialization and transfers, input generation, keygen, encrypt, graph validation, decrypt, diagnostics",multiply_relinearize,100,0.00022728899999999998,0.00022837874,,,test_data/fhe-round-trip/phantom/mxx-phantom-54.json,centered_binomial_21,3.24037034920393,uniform_ternary,test_data/fhe-round-trip/phantom/54-final-3.json,1f4a198443b3af77118e51f53d5b8f332154b875,0.0001187545,0.00011909903,0.00011468800157308579,0.00011494944095611572,1.9139401033224002,1.9175533167650485,,,,,,
2026-09-07,mxx,bgv,test_data/fhe-round-trip/bgv/1788755253257999369-1831336.json,ebcc9b374594527ce05c36e9783bb14c6e2283e4,NVIDIA GeForce RTX 4080 SUPER,8192,"[18014398507892737,18014398508138497,18014398508400641]",[72057594037616641],1032193,1,3.2,20,144,94,0,rough,ADPS16 / Core-SVP,"usvp, dual_hybrid; conditional arora-gb (LWE.estimate.rough)",HE Standard-derived ternary classical 128-bit table,True,128,218,218,https://github.com/encryptorion-lab/phantom-fhe/blob/1f4a198443b3af77118e51f53d5b8f332154b875/include/host/hestdparms.h,2d2980ddf7fba0d1fee407999fbb9adf26bf3368,e35f45b7976a90a79c3c6625a45bbc344c1abc67,"host elapsed production execute + resident output retrieval + output result-event wait; inputs and outputs remain GPU-resident; excludes prior-iteration cleanup, output serialization and transfers, input generation, keygen, encrypt, graph validation, decrypt, diagnostics",multiply_relinearize_modswitch,100,0.00025109899999999996,0.00025290502,,,test_data/fhe-round-trip/phantom/mxx-phantom-54.json,centered_binomial_21,3.24037034920393,uniform_ternary,test_data/fhe-round-trip/phantom/54-final-3.json,1f4a198443b3af77118e51f53d5b8f332154b875,0.00016091800000000002,0.00016129944,0.00015667200088500976,0.00015692351922392845,1.560415863980412,1.5679224924773454,,,,,,
2026-09-07,mxx,bgv,test_data/fhe-round-trip/bgv/1788755253257999369-1831336.json,ebcc9b374594527ce05c36e9783bb14c6e2283e4,NVIDIA GeForce RTX 4080 SUPER,8192,"[18014398507892737,18014398508138497,18014398508400641]",[72057594037616641],1032193,1,3.2,20,144,94,0,rough,ADPS16 / Core-SVP,"usvp, dual_hybrid; conditional arora-gb (LWE.estimate.rough)",HE Standard-derived ternary classical 128-bit table,True,128,218,218,https://github.com/encryptorion-lab/phantom-fhe/blob/1f4a198443b3af77118e51f53d5b8f332154b875/include/host/hestdparms.h,2d2980ddf7fba0d1fee407999fbb9adf26bf3368,e35f45b7976a90a79c3c6625a45bbc344c1abc67,"host elapsed production execute + resident output retrieval + output result-event wait; inputs and outputs remain GPU-resident; excludes prior-iteration cleanup, output serialization and transfers, input generation, keygen, encrypt, graph validation, decrypt, diagnostics",relinearize,100,0.0002094305,0.00021010087,,,test_data/fhe-round-trip/phantom/mxx-phantom-54.json,centered_binomial_21,3.24037034920393,uniform_ternary,test_data/fhe-round-trip/phantom/54-final-3.json,1f4a198443b3af77118e51f53d5b8f332154b875,0.000114,0.00011438409,0.00010956799983978272,0.00011002399943768978,1.8371096491228067,1.8368015167144311,,,,,,
2026-09-07,mxx,bgv,test_data/fhe-round-trip/bgv/1788755253257999369-1831336.json,ebcc9b374594527ce05c36e9783bb14c6e2283e4,NVIDIA GeForce RTX 4080 SUPER,8192,"[18014398507892737,18014398508138497,18014398508400641]",[72057594037616641],1032193,1,3.2,20,144,94,0,rough,ADPS16 / Core-SVP,"usvp, dual_hybrid; conditional arora-gb (LWE.estimate.rough)",HE Standard-derived ternary classical 128-bit table,True,128,218,218,https://github.com/encryptorion-lab/phantom-fhe/blob/1f4a198443b3af77118e51f53d5b8f332154b875/include/host/hestdparms.h,2d2980ddf7fba0d1fee407999fbb9adf26bf3368,e35f45b7976a90a79c3c6625a45bbc344c1abc67,"host elapsed production execute + resident output retrieval + output result-event wait; inputs and outputs remain GPU-resident; excludes prior-iteration cleanup, output serialization and transfers, input generation, keygen, encrypt, graph validation, decrypt, diagnostics",modswitch,100,8.49705e-05,8.562718e-05,,,test_data/fhe-round-trip/phantom/mxx-phantom-54.json,centered_binomial_21,3.24037034920393,uniform_ternary,test_data/fhe-round-trip/phantom/54-final-3.json,1f4a198443b3af77118e51f53d5b8f332154b875,4.8231e-05,4.832262e-05,4.403200000524521e-05,4.412512000650167e-05,1.7617403744479692,1.7719895982461216,,,,,,
2026-09-07,mxx,bgv,test_data/fhe-round-trip/bgv/1788755030086420572-1830327.json,ebcc9b374594527ce05c36e9783bb14c6e2283e4,NVIDIA GeForce RTX 4080 SUPER,8192,"[68717740033,68718346241,68718428161,68719230977]","[137438773249,137438822401]",1032193,2,3.2,20,169,94,0,rough,ADPS16 / Core-SVP,"usvp, dual_hybrid; conditional arora-gb (LWE.estimate.rough)",HE Standard-derived ternary classical 128-bit table,True,128,218,218,https://github.com/encryptorion-lab/phantom-fhe/blob/1f4a198443b3af77118e51f53d5b8f332154b875/include/host/hestdparms.h,2d2980ddf7fba0d1fee407999fbb9adf26bf3368,e35f45b7976a90a79c3c6625a45bbc344c1abc67,"host elapsed production execute + resident output retrieval + output result-event wait; inputs and outputs remain GPU-resident; excludes prior-iteration cleanup, output serialization and transfers, input generation, keygen, encrypt, graph validation, decrypt, diagnostics",multiply,100,8.8903e-05,9.013067e-05,,,test_data/fhe-round-trip/phantom/mxx-phantom-36.json,centered_binomial_21,3.24037034920393,uniform_ternary,test_data/fhe-round-trip/phantom/36-final-1.json,1f4a198443b3af77118e51f53d5b8f332154b875,1.06805e-05,1.08364e-05,6.5279998816549774e-06,6.707200040109455e-06,8.323861242451196,8.317399689933927,,,,,,
2026-09-07,mxx,bgv,test_data/fhe-round-trip/bgv/1788755030086420572-1830327.json,ebcc9b374594527ce05c36e9783bb14c6e2283e4,NVIDIA GeForce RTX 4080 SUPER,8192,"[68717740033,68718346241,68718428161,68719230977]","[137438773249,137438822401]",1032193,2,3.2,20,169,94,0,rough,ADPS16 / Core-SVP,"usvp, dual_hybrid; conditional arora-gb (LWE.estimate.rough)",HE Standard-derived ternary classical 128-bit table,True,128,218,218,https://github.com/encryptorion-lab/phantom-fhe/blob/1f4a198443b3af77118e51f53d5b8f332154b875/include/host/hestdparms.h,2d2980ddf7fba0d1fee407999fbb9adf26bf3368,e35f45b7976a90a79c3c6625a45bbc344c1abc67,"host elapsed production execute + resident output retrieval + output result-event wait; inputs and outputs remain GPU-resident; excludes prior-iteration cleanup, output serialization and transfers, input generation, keygen, encrypt, graph validation, decrypt, diagnostics",multiply_relinearize,100,0.0002140345,0.00021490162,,,test_data/fhe-round-trip/phantom/mxx-phantom-36.json,centered_binomial_21,3.24037034920393,uniform_ternary,test_data/fhe-round-trip/phantom/36-final-1.json,1f4a198443b3af77118e51f53d5b8f332154b875,0.0001168355,0.00011711419,0.00011264000087976456,0.00011294336028397084,1.831930363630917,1.834975078596368,,,,,,
2026-09-07,mxx,bgv,test_data/fhe-round-trip/bgv/1788755030086420572-1830327.json,ebcc9b374594527ce05c36e9783bb14c6e2283e4,NVIDIA GeForce RTX 4080 SUPER,8192,"[68717740033,68718346241,68718428161,68719230977]","[137438773249,137438822401]",1032193,2,3.2,20,169,94,0,rough,ADPS16 / Core-SVP,"usvp, dual_hybrid; conditional arora-gb (LWE.estimate.rough)",HE Standard-derived ternary classical 128-bit table,True,128,218,218,https://github.com/encryptorion-lab/phantom-fhe/blob/1f4a198443b3af77118e51f53d5b8f332154b875/include/host/hestdparms.h,2d2980ddf7fba0d1fee407999fbb9adf26bf3368,e35f45b7976a90a79c3c6625a45bbc344c1abc67,"host elapsed production execute + resident output retrieval + output result-event wait; inputs and outputs remain GPU-resident; excludes prior-iteration cleanup, output serialization and transfers, input generation, keygen, encrypt, graph validation, decrypt, diagnostics",multiply_relinearize_modswitch,100,0.00024831850000000004,0.00024853007,,,test_data/fhe-round-trip/phantom/mxx-phantom-36.json,centered_binomial_21,3.24037034920393,uniform_ternary,test_data/fhe-round-trip/phantom/36-final-1.json,1f4a198443b3af77118e51f53d5b8f332154b875,0.000159541,0.00015981226,0.00015564799308776856,0.00015566431909799577,1.5564557073103469,1.5551376971954467,,,,,,
2026-09-07,mxx,bgv,test_data/fhe-round-trip/bgv/1788755030086420572-1830327.json,ebcc9b374594527ce05c36e9783bb14c6e2283e4,NVIDIA GeForce RTX 4080 SUPER,8192,"[68717740033,68718346241,68718428161,68719230977]","[137438773249,137438822401]",1032193,2,3.2,20,169,94,0,rough,ADPS16 / Core-SVP,"usvp, dual_hybrid; conditional arora-gb (LWE.estimate.rough)",HE Standard-derived ternary classical 128-bit table,True,128,218,218,https://github.com/encryptorion-lab/phantom-fhe/blob/1f4a198443b3af77118e51f53d5b8f332154b875/include/host/hestdparms.h,2d2980ddf7fba0d1fee407999fbb9adf26bf3368,e35f45b7976a90a79c3c6625a45bbc344c1abc67,"host elapsed production execute + resident output retrieval + output result-event wait; inputs and outputs remain GPU-resident; excludes prior-iteration cleanup, output serialization and transfers, input generation, keygen, encrypt, graph validation, decrypt, diagnostics",relinearize,100,0.0001972025,0.00019699,,,test_data/fhe-round-trip/phantom/mxx-phantom-36.json,centered_binomial_21,3.24037034920393,uniform_ternary,test_data/fhe-round-trip/phantom/36-final-1.json,1f4a198443b3af77118e51f53d5b8f332154b875,0.0001120665,0.00011239062,0.00010751999914646149,0.00010794655926525593,1.75969179014246,1.7527263396180215,,,,,,
2026-09-07,mxx,bgv,test_data/fhe-round-trip/bgv/1788755030086420572-1830327.json,ebcc9b374594527ce05c36e9783bb14c6e2283e4,NVIDIA GeForce RTX 4080 SUPER,8192,"[68717740033,68718346241,68718428161,68719230977]","[137438773249,137438822401]",1032193,2,3.2,20,169,94,0,rough,ADPS16 / Core-SVP,"usvp, dual_hybrid; conditional arora-gb (LWE.estimate.rough)",HE Standard-derived ternary classical 128-bit table,True,128,218,218,https://github.com/encryptorion-lab/phantom-fhe/blob/1f4a198443b3af77118e51f53d5b8f332154b875/include/host/hestdparms.h,2d2980ddf7fba0d1fee407999fbb9adf26bf3368,e35f45b7976a90a79c3c6625a45bbc344c1abc67,"host elapsed production execute + resident output retrieval + output result-event wait; inputs and outputs remain GPU-resident; excludes prior-iteration cleanup, output serialization and transfers, input generation, keygen, encrypt, graph validation, decrypt, diagnostics",modswitch,100,7.43055e-05,7.499781e-05,,,test_data/fhe-round-trip/phantom/mxx-phantom-36.json,centered_binomial_21,3.24037034920393,uniform_ternary,test_data/fhe-round-trip/phantom/36-final-1.json,1f4a198443b3af77118e51f53d5b8f332154b875,4.84315e-05,4.853572e-05,4.403200000524521e-05,4.4459839910268786e-05,1.5342390799376437,1.5452085597988452,,,,,,
2026-09-07,mxx,bgv,test_data/fhe-round-trip/bgv/1788755178648093418-1830938.json,ebcc9b374594527ce05c36e9783bb14c6e2283e4,NVIDIA GeForce RTX 4080 SUPER,8192,"[68717740033,68718346241,68718428161,68719230977]","[137438773249,137438822401]",1032193,2,3.2,20,169,94,0,rough,ADPS16 / Core-SVP,"usvp, dual_hybrid; conditional arora-gb (LWE.estimate.rough)",HE Standard-derived ternary classical 128-bit table,True,128,218,218,https://github.com/encryptorion-lab/phantom-fhe/blob/1f4a198443b3af77118e51f53d5b8f332154b875/include/host/hestdparms.h,2d2980ddf7fba0d1fee407999fbb9adf26bf3368,e35f45b7976a90a79c3c6625a45bbc344c1abc67,"host elapsed production execute + resident output retrieval + output result-event wait; inputs and outputs remain GPU-resident; excludes prior-iteration cleanup, output serialization and transfers, input generation, keygen, encrypt, graph validation, decrypt, diagnostics",multiply,100,8.72195e-05,8.893192e-05,,,test_data/fhe-round-trip/phantom/mxx-phantom-36.json,centered_binomial_21,3.24037034920393,uniform_ternary,test_data/fhe-round-trip/phantom/36-final-2.json,1f4a198443b3af77118e51f53d5b8f332154b875,1.07205e-05,1.073684e-05,6.479999981820583e-06,6.5734400553628805e-06,8.135767921272329,8.28287652605422,,,,,,
2026-09-07,mxx,bgv,test_data/fhe-round-trip/bgv/1788755178648093418-1830938.json,ebcc9b374594527ce05c36e9783bb14c6e2283e4,NVIDIA GeForce RTX 4080 SUPER,8192,"[68717740033,68718346241,68718428161,68719230977]","[137438773249,137438822401]",1032193,2,3.2,20,169,94,0,rough,ADPS16 / Core-SVP,"usvp, dual_hybrid; conditional arora-gb (LWE.estimate.rough)",HE Standard-derived ternary classical 128-bit table,True,128,218,218,https://github.com/encryptorion-lab/phantom-fhe/blob/1f4a198443b3af77118e51f53d5b8f332154b875/include/host/hestdparms.h,2d2980ddf7fba0d1fee407999fbb9adf26bf3368,e35f45b7976a90a79c3c6625a45bbc344c1abc67,"host elapsed production execute + resident output retrieval + output result-event wait; inputs and outputs remain GPU-resident; excludes prior-iteration cleanup, output serialization and transfers, input generation, keygen, encrypt, graph validation, decrypt, diagnostics",multiply_relinearize,100,0.0002212025,0.00022183705,,,test_data/fhe-round-trip/phantom/mxx-phantom-36.json,centered_binomial_21,3.24037034920393,uniform_ternary,test_data/fhe-round-trip/phantom/36-final-2.json,1f4a198443b3af77118e51f53d5b8f332154b875,0.00011658,0.00011694758,0.00011264000087976456,0.00011286848030984401,1.897430948704752,1.8968930353240314,,,,,,
2026-09-07,mxx,bgv,test_data/fhe-round-trip/bgv/1788755178648093418-1830938.json,ebcc9b374594527ce05c36e9783bb14c6e2283e4,NVIDIA GeForce RTX 4080 SUPER,8192,"[68717740033,68718346241,68718428161,68719230977]","[137438773249,137438822401]",1032193,2,3.2,20,169,94,0,rough,ADPS16 / Core-SVP,"usvp, dual_hybrid; conditional arora-gb (LWE.estimate.rough)",HE Standard-derived ternary classical 128-bit table,True,128,218,218,https://github.com/encryptorion-lab/phantom-fhe/blob/1f4a198443b3af77118e51f53d5b8f332154b875/include/host/hestdparms.h,2d2980ddf7fba0d1fee407999fbb9adf26bf3368,e35f45b7976a90a79c3c6625a45bbc344c1abc67,"host elapsed production execute + resident output retrieval + output result-event wait; inputs and outputs remain GPU-resident; excludes prior-iteration cleanup, output serialization and transfers, input generation, keygen, encrypt, graph validation, decrypt, diagnostics",multiply_relinearize_modswitch,100,0.0002503425,0.00025073817,,,test_data/fhe-round-trip/phantom/mxx-phantom-36.json,centered_binomial_21,3.24037034920393,uniform_ternary,test_data/fhe-round-trip/phantom/36-final-2.json,1f4a198443b3af77118e51f53d5b8f332154b875,0.000159561,0.00015977935000000001,0.0001555040031671524,0.00015553311944007875,1.5689454189933627,1.5692776945205997,,,,,,
2026-09-07,mxx,bgv,test_data/fhe-round-trip/bgv/1788755178648093418-1830938.json,ebcc9b374594527ce05c36e9783bb14c6e2283e4,NVIDIA GeForce RTX 4080 SUPER,8192,"[68717740033,68718346241,68718428161,68719230977]","[137438773249,137438822401]",1032193,2,3.2,20,169,94,0,rough,ADPS16 / Core-SVP,"usvp, dual_hybrid; conditional arora-gb (LWE.estimate.rough)",HE Standard-derived ternary classical 128-bit table,True,128,218,218,https://github.com/encryptorion-lab/phantom-fhe/blob/1f4a198443b3af77118e51f53d5b8f332154b875/include/host/hestdparms.h,2d2980ddf7fba0d1fee407999fbb9adf26bf3368,e35f45b7976a90a79c3c6625a45bbc344c1abc67,"host elapsed production execute + resident output retrieval + output result-event wait; inputs and outputs remain GPU-resident; excludes prior-iteration cleanup, output serialization and transfers, input generation, keygen, encrypt, graph validation, decrypt, diagnostics",relinearize,100,0.00019822900000000002,0.00019878879,,,test_data/fhe-round-trip/phantom/mxx-phantom-36.json,centered_binomial_21,3.24037034920393,uniform_ternary,test_data/fhe-round-trip/phantom/36-final-2.json,1f4a198443b3af77118e51f53d5b8f332154b875,0.000112217,0.00011241002,0.00010751999914646149,0.00010802943892776966,1.7664792322018947,1.7684258929942365,,,,,,
2026-09-07,mxx,bgv,test_data/fhe-round-trip/bgv/1788755178648093418-1830938.json,ebcc9b374594527ce05c36e9783bb14c6e2283e4,NVIDIA GeForce RTX 4080 SUPER,8192,"[68717740033,68718346241,68718428161,68719230977]","[137438773249,137438822401]",1032193,2,3.2,20,169,94,0,rough,ADPS16 / Core-SVP,"usvp, dual_hybrid; conditional arora-gb (LWE.estimate.rough)",HE Standard-derived ternary classical 128-bit table,True,128,218,218,https://github.com/encryptorion-lab/phantom-fhe/blob/1f4a198443b3af77118e51f53d5b8f332154b875/include/host/hestdparms.h,2d2980ddf7fba0d1fee407999fbb9adf26bf3368,e35f45b7976a90a79c3c6625a45bbc344c1abc67,"host elapsed production execute + resident output retrieval + output result-event wait; inputs and outputs remain GPU-resident; excludes prior-iteration cleanup, output serialization and transfers, input generation, keygen, encrypt, graph validation, decrypt, diagnostics",modswitch,100,7.725550000000001e-05,7.7411e-05,,,test_data/fhe-round-trip/phantom/mxx-phantom-36.json,centered_binomial_21,3.24037034920393,uniform_ternary,test_data/fhe-round-trip/phantom/36-final-2.json,1f4a198443b3af77118e51f53d5b8f332154b875,4.8442e-05,4.855123e-05,4.403200000524521e-05,4.439679998904467e-05,1.594804095619504,1.5944189261528492,,,,,,
2026-09-07,mxx,bgv,test_data/fhe-round-trip/bgv/1788755327983152882-1832125.json,ebcc9b374594527ce05c36e9783bb14c6e2283e4,NVIDIA GeForce RTX 4080 SUPER,8192,"[68717740033,68718346241,68718428161,68719230977]","[137438773249,137438822401]",1032193,2,3.2,20,169,94,0,rough,ADPS16 / Core-SVP,"usvp, dual_hybrid; conditional arora-gb (LWE.estimate.rough)",HE Standard-derived ternary classical 128-bit table,True,128,218,218,https://github.com/encryptorion-lab/phantom-fhe/blob/1f4a198443b3af77118e51f53d5b8f332154b875/include/host/hestdparms.h,2d2980ddf7fba0d1fee407999fbb9adf26bf3368,e35f45b7976a90a79c3c6625a45bbc344c1abc67,"host elapsed production execute + resident output retrieval + output result-event wait; inputs and outputs remain GPU-resident; excludes prior-iteration cleanup, output serialization and transfers, input generation, keygen, encrypt, graph validation, decrypt, diagnostics",multiply,100,9.2805e-05,9.376033e-05,,,test_data/fhe-round-trip/phantom/mxx-phantom-36.json,centered_binomial_21,3.24037034920393,uniform_ternary,test_data/fhe-round-trip/phantom/36-final-3.json,1f4a198443b3af77118e51f53d5b8f332154b875,1.0625e-05,1.06771e-05,6.800000090152025e-06,6.65696004871279e-06,8.734588235294117,8.781441589944835,,,,,,
2026-09-07,mxx,bgv,test_data/fhe-round-trip/bgv/1788755327983152882-1832125.json,ebcc9b374594527ce05c36e9783bb14c6e2283e4,NVIDIA GeForce RTX 4080 SUPER,8192,"[68717740033,68718346241,68718428161,68719230977]","[137438773249,137438822401]",1032193,2,3.2,20,169,94,0,rough,ADPS16 / Core-SVP,"usvp, dual_hybrid; conditional arora-gb (LWE.estimate.rough)",HE Standard-derived ternary classical 128-bit table,True,128,218,218,https://github.com/encryptorion-lab/phantom-fhe/blob/1f4a198443b3af77118e51f53d5b8f332154b875/include/host/hestdparms.h,2d2980ddf7fba0d1fee407999fbb9adf26bf3368,e35f45b7976a90a79c3c6625a45bbc344c1abc67,"host elapsed production execute + resident output retrieval + output result-event wait; inputs and outputs remain GPU-resident; excludes prior-iteration cleanup, output serialization and transfers, input generation, keygen, encrypt, graph validation, decrypt, diagnostics",multiply_relinearize,100,0.0002237925,0.00022328286,,,test_data/fhe-round-trip/phantom/mxx-phantom-36.json,centered_binomial_21,3.24037034920393,uniform_ternary,test_data/fhe-round-trip/phantom/36-final-3.json,1f4a198443b3af77118e51f53d5b8f332154b875,0.00011675,0.00011699058,0.00011264000087976456,0.00011289600029587746,1.9168522483940043,1.908554175900316,,,,,,
2026-09-07,mxx,bgv,test_data/fhe-round-trip/bgv/1788755327983152882-1832125.json,ebcc9b374594527ce05c36e9783bb14c6e2283e4,NVIDIA GeForce RTX 4080 SUPER,8192,"[68717740033,68718346241,68718428161,68719230977]","[137438773249,137438822401]",1032193,2,3.2,20,169,94,0,rough,ADPS16 / Core-SVP,"usvp, dual_hybrid; conditional arora-gb (LWE.estimate.rough)",HE Standard-derived ternary classical 128-bit table,True,128,218,218,https://github.com/encryptorion-lab/phantom-fhe/blob/1f4a198443b3af77118e51f53d5b8f332154b875/include/host/hestdparms.h,2d2980ddf7fba0d1fee407999fbb9adf26bf3368,e35f45b7976a90a79c3c6625a45bbc344c1abc67,"host elapsed production execute + resident output retrieval + output result-event wait; inputs and outputs remain GPU-resident; excludes prior-iteration cleanup, output serialization and transfers, input generation, keygen, encrypt, graph validation, decrypt, diagnostics",multiply_relinearize_modswitch,100,0.00025300249999999995,0.0002528383,,,test_data/fhe-round-trip/phantom/mxx-phantom-36.json,centered_binomial_21,3.24037034920393,uniform_ternary,test_data/fhe-round-trip/phantom/36-final-3.json,1f4a198443b3af77118e51f53d5b8f332154b875,0.00015934,0.00015966556,0.00015535999834537505,0.00015548191949725152,1.5878153633739172,1.5835493891105885,,,,,,
2026-09-07,mxx,bgv,test_data/fhe-round-trip/bgv/1788755327983152882-1832125.json,ebcc9b374594527ce05c36e9783bb14c6e2283e4,NVIDIA GeForce RTX 4080 SUPER,8192,"[68717740033,68718346241,68718428161,68719230977]","[137438773249,137438822401]",1032193,2,3.2,20,169,94,0,rough,ADPS16 / Core-SVP,"usvp, dual_hybrid; conditional arora-gb (LWE.estimate.rough)",HE Standard-derived ternary classical 128-bit table,True,128,218,218,https://github.com/encryptorion-lab/phantom-fhe/blob/1f4a198443b3af77118e51f53d5b8f332154b875/include/host/hestdparms.h,2d2980ddf7fba0d1fee407999fbb9adf26bf3368,e35f45b7976a90a79c3c6625a45bbc344c1abc67,"host elapsed production execute + resident output retrieval + output result-event wait; inputs and outputs remain GPU-resident; excludes prior-iteration cleanup, output serialization and transfers, input generation, keygen, encrypt, graph validation, decrypt, diagnostics",relinearize,100,0.0002068305,0.00020901257,,,test_data/fhe-round-trip/phantom/mxx-phantom-36.json,centered_binomial_21,3.24037034920393,uniform_ternary,test_data/fhe-round-trip/phantom/36-final-3.json,1f4a198443b3af77118e51f53d5b8f332154b875,0.00011217200000000001,0.00011237358,0.00010751999914646149,0.00010802495881915093,1.8438692365296152,1.8599796322231614,,,,,,
2026-09-07,mxx,bgv,test_data/fhe-round-trip/bgv/1788755327983152882-1832125.json,ebcc9b374594527ce05c36e9783bb14c6e2283e4,NVIDIA GeForce RTX 4080 SUPER,8192,"[68717740033,68718346241,68718428161,68719230977]","[137438773249,137438822401]",1032193,2,3.2,20,169,94,0,rough,ADPS16 / Core-SVP,"usvp, dual_hybrid; conditional arora-gb (LWE.estimate.rough)",HE Standard-derived ternary classical 128-bit table,True,128,218,218,https://github.com/encryptorion-lab/phantom-fhe/blob/1f4a198443b3af77118e51f53d5b8f332154b875/include/host/hestdparms.h,2d2980ddf7fba0d1fee407999fbb9adf26bf3368,e35f45b7976a90a79c3c6625a45bbc344c1abc67,"host elapsed production execute + resident output retrieval + output result-event wait; inputs and outputs remain GPU-resident; excludes prior-iteration cleanup, output serialization and transfers, input generation, keygen, encrypt, graph validation, decrypt, diagnostics",modswitch,100,8.710949999999999e-05,8.733653e-05,,,test_data/fhe-round-trip/phantom/mxx-phantom-36.json,centered_binomial_21,3.24037034920393,uniform_ternary,test_data/fhe-round-trip/phantom/36-final-3.json,1f4a198443b3af77118e51f53d5b8f332154b875,4.85465e-05,4.862396e-05,4.403200000524521e-05,4.4422079883515834e-05,1.7943518070303728,1.7961624269187455,,,,,,
2026-09-07,mxx,ring_gsw,test_data/fhe-round-trip/ring_gsw/1788755329908451994-1832431.json,ebcc9b374594527ce05c36e9783bb14c6e2283e4,NVIDIA GeForce RTX 4080 SUPER,2048,[1152921504606830593],[],,,339.0,2203,96,,0,rough,ADPS16 / Core-SVP,"usvp, dual_hybrid; conditional arora-gb (LWE.estimate.rough)",HE Standard-derived ternary classical 128-bit table,False,,54,60,https://github.com/encryptorion-lab/phantom-fhe/blob/1f4a198443b3af77118e51f53d5b8f332154b875/include/host/hestdparms.h,2d2980ddf7fba0d1fee407999fbb9adf26bf3368,e35f45b7976a90a79c3c6625a45bbc344c1abc67,"host elapsed production execute + resident output retrieval + output result-event wait; inputs and outputs remain GPU-resident; excludes prior-iteration cleanup, output serialization and transfers, input generation, keygen, encrypt, graph validation, decrypt, diagnostics",external_product,100,0.00013958900000000002,0.00014149234,,,,,,,,,,,,,,,0,0,173,140737488355326,8,8
2026-09-07,mxx,ring_gsw,test_data/fhe-round-trip/ring_gsw/1788755329908451994-1832431.json,ebcc9b374594527ce05c36e9783bb14c6e2283e4,NVIDIA GeForce RTX 4080 SUPER,2048,[1152921504606830593],[],,,339.0,2203,96,,0,rough,ADPS16 / Core-SVP,"usvp, dual_hybrid; conditional arora-gb (LWE.estimate.rough)",HE Standard-derived ternary classical 128-bit table,False,,54,60,https://github.com/encryptorion-lab/phantom-fhe/blob/1f4a198443b3af77118e51f53d5b8f332154b875/include/host/hestdparms.h,2d2980ddf7fba0d1fee407999fbb9adf26bf3368,e35f45b7976a90a79c3c6625a45bbc344c1abc67,"host elapsed production execute + resident output retrieval + output result-event wait; inputs and outputs remain GPU-resident; excludes prior-iteration cleanup, output serialization and transfers, input generation, keygen, encrypt, graph validation, decrypt, diagnostics",external_product,100,0.00014243399999999999,0.0001458511,,,,,,,,,,,,,,,1,1,1553,140737488355326,8,8
2026-09-07,mxx,ring_gsw,test_data/fhe-round-trip/ring_gsw/1788755329908451994-1832431.json,ebcc9b374594527ce05c36e9783bb14c6e2283e4,NVIDIA GeForce RTX 4080 SUPER,2048,[1152921504606830593],[],,,339.0,2203,96,,0,rough,ADPS16 / Core-SVP,"usvp, dual_hybrid; conditional arora-gb (LWE.estimate.rough)",HE Standard-derived ternary classical 128-bit table,False,,54,60,https://github.com/encryptorion-lab/phantom-fhe/blob/1f4a198443b3af77118e51f53d5b8f332154b875/include/host/hestdparms.h,2d2980ddf7fba0d1fee407999fbb9adf26bf3368,e35f45b7976a90a79c3c6625a45bbc344c1abc67,"host elapsed production execute + resident output retrieval + output result-event wait; inputs and outputs remain GPU-resident; excludes prior-iteration cleanup, output serialization and transfers, input generation, keygen, encrypt, graph validation, decrypt, diagnostics",external_product,100,0.00014824,0.00015018583,,,,,,,,,,,,,,,2,1,1838,140737488355326,8,8
2026-09-07,mxx,ring_gsw,test_data/fhe-round-trip/ring_gsw/1788755331709342770-1832528.json,ebcc9b374594527ce05c36e9783bb14c6e2283e4,NVIDIA GeForce RTX 4080 SUPER,2048,[1152921504606830593],[],,,339.0,2203,96,,0,rough,ADPS16 / Core-SVP,"usvp, dual_hybrid; conditional arora-gb (LWE.estimate.rough)",HE Standard-derived ternary classical 128-bit table,False,,54,60,https://github.com/encryptorion-lab/phantom-fhe/blob/1f4a198443b3af77118e51f53d5b8f332154b875/include/host/hestdparms.h,2d2980ddf7fba0d1fee407999fbb9adf26bf3368,e35f45b7976a90a79c3c6625a45bbc344c1abc67,"host elapsed production execute + resident output retrieval + output result-event wait; inputs and outputs remain GPU-resident; excludes prior-iteration cleanup, output serialization and transfers, input generation, keygen, encrypt, graph validation, decrypt, diagnostics",external_product,100,0.00014055049999999998,0.00014193787,,,,,,,,,,,,,,,0,0,2698,140737488355326,8,8
2026-09-07,mxx,ring_gsw,test_data/fhe-round-trip/ring_gsw/1788755331709342770-1832528.json,ebcc9b374594527ce05c36e9783bb14c6e2283e4,NVIDIA GeForce RTX 4080 SUPER,2048,[1152921504606830593],[],,,339.0,2203,96,,0,rough,ADPS16 / Core-SVP,"usvp, dual_hybrid; conditional arora-gb (LWE.estimate.rough)",HE Standard-derived ternary classical 128-bit table,False,,54,60,https://github.com/encryptorion-lab/phantom-fhe/blob/1f4a198443b3af77118e51f53d5b8f332154b875/include/host/hestdparms.h,2d2980ddf7fba0d1fee407999fbb9adf26bf3368,e35f45b7976a90a79c3c6625a45bbc344c1abc67,"host elapsed production execute + resident output retrieval + output result-event wait; inputs and outputs remain GPU-resident; excludes prior-iteration cleanup, output serialization and transfers, input generation, keygen, encrypt, graph validation, decrypt, diagnostics",external_product,100,0.000154507,0.00015680965,,,,,,,,,,,,,,,1,1,1004,140737488355326,8,8
2026-09-07,mxx,ring_gsw,test_data/fhe-round-trip/ring_gsw/1788755331709342770-1832528.json,ebcc9b374594527ce05c36e9783bb14c6e2283e4,NVIDIA GeForce RTX 4080 SUPER,2048,[1152921504606830593],[],,,339.0,2203,96,,0,rough,ADPS16 / Core-SVP,"usvp, dual_hybrid; conditional arora-gb (LWE.estimate.rough)",HE Standard-derived ternary classical 128-bit table,False,,54,60,https://github.com/encryptorion-lab/phantom-fhe/blob/1f4a198443b3af77118e51f53d5b8f332154b875/include/host/hestdparms.h,2d2980ddf7fba0d1fee407999fbb9adf26bf3368,e35f45b7976a90a79c3c6625a45bbc344c1abc67,"host elapsed production execute + resident output retrieval + output result-event wait; inputs and outputs remain GPU-resident; excludes prior-iteration cleanup, output serialization and transfers, input generation, keygen, encrypt, graph validation, decrypt, diagnostics",external_product,100,0.000146276,0.00014862999,,,,,,,,,,,,,,,2,0,3803,140737488355326,8,8
2026-09-07,mxx,ring_gsw,test_data/fhe-round-trip/ring_gsw/1788755333551881561-1832625.json,ebcc9b374594527ce05c36e9783bb14c6e2283e4,NVIDIA GeForce RTX 4080 SUPER,2048,[1152921504606830593],[],,,339.0,2203,96,,0,rough,ADPS16 / Core-SVP,"usvp, dual_hybrid; conditional arora-gb (LWE.estimate.rough)",HE Standard-derived ternary classical 128-bit table,False,,54,60,https://github.com/encryptorion-lab/phantom-fhe/blob/1f4a198443b3af77118e51f53d5b8f332154b875/include/host/hestdparms.h,2d2980ddf7fba0d1fee407999fbb9adf26bf3368,e35f45b7976a90a79c3c6625a45bbc344c1abc67,"host elapsed production execute + resident output retrieval + output result-event wait; inputs and outputs remain GPU-resident; excludes prior-iteration cleanup, output serialization and transfers, input generation, keygen, encrypt, graph validation, decrypt, diagnostics",external_product,100,0.000140149,0.00014443819,,,,,,,,,,,,,,,0,0,2769,140737488355326,8,8
2026-09-07,mxx,ring_gsw,test_data/fhe-round-trip/ring_gsw/1788755333551881561-1832625.json,ebcc9b374594527ce05c36e9783bb14c6e2283e4,NVIDIA GeForce RTX 4080 SUPER,2048,[1152921504606830593],[],,,339.0,2203,96,,0,rough,ADPS16 / Core-SVP,"usvp, dual_hybrid; conditional arora-gb (LWE.estimate.rough)",HE Standard-derived ternary classical 128-bit table,False,,54,60,https://github.com/encryptorion-lab/phantom-fhe/blob/1f4a198443b3af77118e51f53d5b8f332154b875/include/host/hestdparms.h,2d2980ddf7fba0d1fee407999fbb9adf26bf3368,e35f45b7976a90a79c3c6625a45bbc344c1abc67,"host elapsed production execute + resident output retrieval + output result-event wait; inputs and outputs remain GPU-resident; excludes prior-iteration cleanup, output serialization and transfers, input generation, keygen, encrypt, graph validation, decrypt, diagnostics",external_product,100,0.000158529,0.00016117549,,,,,,,,,,,,,,,1,1,1848,140737488355326,8,8
2026-09-07,mxx,ring_gsw,test_data/fhe-round-trip/ring_gsw/1788755333551881561-1832625.json,ebcc9b374594527ce05c36e9783bb14c6e2283e4,NVIDIA GeForce RTX 4080 SUPER,2048,[1152921504606830593],[],,,339.0,2203,96,,0,rough,ADPS16 / Core-SVP,"usvp, dual_hybrid; conditional arora-gb (LWE.estimate.rough)",HE Standard-derived ternary classical 128-bit table,False,,54,60,https://github.com/encryptorion-lab/phantom-fhe/blob/1f4a198443b3af77118e51f53d5b8f332154b875/include/host/hestdparms.h,2d2980ddf7fba0d1fee407999fbb9adf26bf3368,e35f45b7976a90a79c3c6625a45bbc344c1abc67,"host elapsed production execute + resident output retrieval + output result-event wait; inputs and outputs remain GPU-resident; excludes prior-iteration cleanup, output serialization and transfers, input generation, keygen, encrypt, graph validation, decrypt, diagnostics",external_product,100,0.0001459705,0.00014793553,,,,,,,,,,,,,,,2,0,1746,140737488355326,8,8
2026-09-07,mxx,bgv,test_data/fhe-round-trip/bgv/1788761978824235125-2001562.json,30e0e599e586bd7eb5e62dc41bcc8e7e25626726,NVIDIA GeForce RTX 4080 SUPER,8192,"[18014398507892737,18014398508138497,18014398508400641]",[72057594037616641],1032193,1,3.2,20,144,94,0,rough,ADPS16 / Core-SVP,"usvp, dual_hybrid; conditional arora-gb (LWE.estimate.rough)",HE Standard-derived ternary classical 128-bit table,True,128,218,218,https://github.com/encryptorion-lab/phantom-fhe/blob/1f4a198443b3af77118e51f53d5b8f332154b875/include/host/hestdparms.h,2d2980ddf7fba0d1fee407999fbb9adf26bf3368,e35f45b7976a90a79c3c6625a45bbc344c1abc67,"host elapsed production execute + resident output retrieval + output result-event wait; inputs and outputs remain GPU-resident; excludes prior-iteration cleanup, output serialization and transfers, input generation, keygen, encrypt, graph validation, decrypt, diagnostics",multiply,100,6.31195e-05,6.407357e-05,,,test_data/fhe-round-trip/phantom/mxx-phantom-54.json,centered_binomial_21,3.24037034920393,uniform_ternary,test_data/fhe-round-trip/optimization/standalone-shared-event/phantom-54-1.json,1f4a198443b3af77118e51f53d5b8f332154b875,1.051e-05,1.057776e-05,6.160000106319785e-06,6.515200110152364e-06,6.005661274976213,6.057385495605875,,,,,,
2026-09-07,mxx,bgv,test_data/fhe-round-trip/bgv/1788761978824235125-2001562.json,30e0e599e586bd7eb5e62dc41bcc8e7e25626726,NVIDIA GeForce RTX 4080 SUPER,8192,"[18014398507892737,18014398508138497,18014398508400641]",[72057594037616641],1032193,1,3.2,20,144,94,0,rough,ADPS16 / Core-SVP,"usvp, dual_hybrid; conditional arora-gb (LWE.estimate.rough)",HE Standard-derived ternary classical 128-bit table,True,128,218,218,https://github.com/encryptorion-lab/phantom-fhe/blob/1f4a198443b3af77118e51f53d5b8f332154b875/include/host/hestdparms.h,2d2980ddf7fba0d1fee407999fbb9adf26bf3368,e35f45b7976a90a79c3c6625a45bbc344c1abc67,"host elapsed production execute + resident output retrieval + output result-event wait; inputs and outputs remain GPU-resident; excludes prior-iteration cleanup, output serialization and transfers, input generation, keygen, encrypt, graph validation, decrypt, diagnostics",multiply_relinearize,100,0.00020203149999999998,0.00020238567,,,test_data/fhe-round-trip/phantom/mxx-phantom-54.json,centered_binomial_21,3.24037034920393,uniform_ternary,test_data/fhe-round-trip/optimization/standalone-shared-event/phantom-54-1.json,1f4a198443b3af77118e51f53d5b8f332154b875,0.000118283,0.00011877031,0.00011443199962377548,0.00011457888089120388,1.7080349669859571,1.7040089396078868,,,,,,
2026-09-07,mxx,bgv,test_data/fhe-round-trip/bgv/1788761978824235125-2001562.json,30e0e599e586bd7eb5e62dc41bcc8e7e25626726,NVIDIA GeForce RTX 4080 SUPER,8192,"[18014398507892737,18014398508138497,18014398508400641]",[72057594037616641],1032193,1,3.2,20,144,94,0,rough,ADPS16 / Core-SVP,"usvp, dual_hybrid; conditional arora-gb (LWE.estimate.rough)",HE Standard-derived ternary classical 128-bit table,True,128,218,218,https://github.com/encryptorion-lab/phantom-fhe/blob/1f4a198443b3af77118e51f53d5b8f332154b875/include/host/hestdparms.h,2d2980ddf7fba0d1fee407999fbb9adf26bf3368,e35f45b7976a90a79c3c6625a45bbc344c1abc67,"host elapsed production execute + resident output retrieval + output result-event wait; inputs and outputs remain GPU-resident; excludes prior-iteration cleanup, output serialization and transfers, input generation, keygen, encrypt, graph validation, decrypt, diagnostics",multiply_relinearize_modswitch,100,0.0002290325,0.00023013549,,,test_data/fhe-round-trip/phantom/mxx-phantom-54.json,centered_binomial_21,3.24037034920393,uniform_ternary,test_data/fhe-round-trip/optimization/standalone-shared-event/phantom-54-1.json,1f4a198443b3af77118e51f53d5b8f332154b875,0.000160783,0.0001611617,0.00015667200088500976,0.00015701503947377206,1.4244820658900506,1.4279787939690387,,,,,,
2026-09-07,mxx,bgv,test_data/fhe-round-trip/bgv/1788761978824235125-2001562.json,30e0e599e586bd7eb5e62dc41bcc8e7e25626726,NVIDIA GeForce RTX 4080 SUPER,8192,"[18014398507892737,18014398508138497,18014398508400641]",[72057594037616641],1032193,1,3.2,20,144,94,0,rough,ADPS16 / Core-SVP,"usvp, dual_hybrid; conditional arora-gb (LWE.estimate.rough)",HE Standard-derived ternary classical 128-bit table,True,128,218,218,https://github.com/encryptorion-lab/phantom-fhe/blob/1f4a198443b3af77118e51f53d5b8f332154b875/include/host/hestdparms.h,2d2980ddf7fba0d1fee407999fbb9adf26bf3368,e35f45b7976a90a79c3c6625a45bbc344c1abc67,"host elapsed production execute + resident output retrieval + output result-event wait; inputs and outputs remain GPU-resident; excludes prior-iteration cleanup, output serialization and transfers, input generation, keygen, encrypt, graph validation, decrypt, diagnostics",relinearize,100,0.00018985349999999998,0.00019070016,,,test_data/fhe-round-trip/phantom/mxx-phantom-54.json,centered_binomial_21,3.24037034920393,uniform_ternary,test_data/fhe-round-trip/optimization/standalone-shared-event/phantom-54-1.json,1f4a198443b3af77118e51f53d5b8f332154b875,0.0001140805,0.0001142491,0.00010956799983978272,0.00010992543928325177,1.6642064156450926,1.669161157505836,,,,,,
2026-09-07,mxx,bgv,test_data/fhe-round-trip/bgv/1788761978824235125-2001562.json,30e0e599e586bd7eb5e62dc41bcc8e7e25626726,NVIDIA GeForce RTX 4080 SUPER,8192,"[18014398507892737,18014398508138497,18014398508400641]",[72057594037616641],1032193,1,3.2,20,144,94,0,rough,ADPS16 / Core-SVP,"usvp, dual_hybrid; conditional arora-gb (LWE.estimate.rough)",HE Standard-derived ternary classical 128-bit table,True,128,218,218,https://github.com/encryptorion-lab/phantom-fhe/blob/1f4a198443b3af77118e51f53d5b8f332154b875/include/host/hestdparms.h,2d2980ddf7fba0d1fee407999fbb9adf26bf3368,e35f45b7976a90a79c3c6625a45bbc344c1abc67,"host elapsed production execute + resident output retrieval + output result-event wait; inputs and outputs remain GPU-resident; excludes prior-iteration cleanup, output serialization and transfers, input generation, keygen, encrypt, graph validation, decrypt, diagnostics",modswitch,100,7.68505e-05,7.75497e-05,,,test_data/fhe-round-trip/phantom/mxx-phantom-54.json,centered_binomial_21,3.24037034920393,uniform_ternary,test_data/fhe-round-trip/optimization/standalone-shared-event/phantom-54-1.json,1f4a198443b3af77118e51f53d5b8f332154b875,4.8201e-05,4.829706e-05,4.403200000524521e-05,4.426688008010387e-05,1.5943756353602623,1.6056815880718205,,,,,,
2026-09-07,mxx,bgv,test_data/fhe-round-trip/bgv/1788762054934609626-2001740.json,30e0e599e586bd7eb5e62dc41bcc8e7e25626726,NVIDIA GeForce RTX 4080 SUPER,8192,"[68717740033,68718346241,68718428161,68719230977]","[137438773249,137438822401]",1032193,2,3.2,20,169,94,0,rough,ADPS16 / Core-SVP,"usvp, dual_hybrid; conditional arora-gb (LWE.estimate.rough)",HE Standard-derived ternary classical 128-bit table,True,128,218,218,https://github.com/encryptorion-lab/phantom-fhe/blob/1f4a198443b3af77118e51f53d5b8f332154b875/include/host/hestdparms.h,2d2980ddf7fba0d1fee407999fbb9adf26bf3368,e35f45b7976a90a79c3c6625a45bbc344c1abc67,"host elapsed production execute + resident output retrieval + output result-event wait; inputs and outputs remain GPU-resident; excludes prior-iteration cleanup, output serialization and transfers, input generation, keygen, encrypt, graph validation, decrypt, diagnostics",multiply,100,6.219750000000001e-05,6.261022e-05,,,test_data/fhe-round-trip/phantom/mxx-phantom-36.json,centered_binomial_21,3.24037034920393,uniform_ternary,test_data/fhe-round-trip/optimization/standalone-shared-event/phantom-36-1.json,1f4a198443b3af77118e51f53d5b8f332154b875,1.06e-05,1.084294e-05,6.7839999683201315e-06,6.751680080778897e-06,5.867688679245283,5.774284465283401,,,,,,
2026-09-07,mxx,bgv,test_data/fhe-round-trip/bgv/1788762054934609626-2001740.json,30e0e599e586bd7eb5e62dc41bcc8e7e25626726,NVIDIA GeForce RTX 4080 SUPER,8192,"[68717740033,68718346241,68718428161,68719230977]","[137438773249,137438822401]",1032193,2,3.2,20,169,94,0,rough,ADPS16 / Core-SVP,"usvp, dual_hybrid; conditional arora-gb (LWE.estimate.rough)",HE Standard-derived ternary classical 128-bit table,True,128,218,218,https://github.com/encryptorion-lab/phantom-fhe/blob/1f4a198443b3af77118e51f53d5b8f332154b875/include/host/hestdparms.h,2d2980ddf7fba0d1fee407999fbb9adf26bf3368,e35f45b7976a90a79c3c6625a45bbc344c1abc67,"host elapsed production execute + resident output retrieval + output result-event wait; inputs and outputs remain GPU-resident; excludes prior-iteration cleanup, output serialization and transfers, input generation, keygen, encrypt, graph validation, decrypt, diagnostics",multiply_relinearize,100,0.0002083635,0.00020952364,,,test_data/fhe-round-trip/phantom/mxx-phantom-36.json,centered_binomial_21,3.24037034920393,uniform_ternary,test_data/fhe-round-trip/optimization/standalone-shared-event/phantom-36-1.json,1f4a198443b3af77118e51f53d5b8f332154b875,0.00011611950000000001,0.000116433,0.00011220799759030343,0.0001123216000944376,1.7943885393926082,1.7995210979705065,,,,,,
2026-09-07,mxx,bgv,test_data/fhe-round-trip/bgv/1788762054934609626-2001740.json,30e0e599e586bd7eb5e62dc41bcc8e7e25626726,NVIDIA GeForce RTX 4080 SUPER,8192,"[68717740033,68718346241,68718428161,68719230977]","[137438773249,137438822401]",1032193,2,3.2,20,169,94,0,rough,ADPS16 / Core-SVP,"usvp, dual_hybrid; conditional arora-gb (LWE.estimate.rough)",HE Standard-derived ternary classical 128-bit table,True,128,218,218,https://github.com/encryptorion-lab/phantom-fhe/blob/1f4a198443b3af77118e51f53d5b8f332154b875/include/host/hestdparms.h,2d2980ddf7fba0d1fee407999fbb9adf26bf3368,e35f45b7976a90a79c3c6625a45bbc344c1abc67,"host elapsed production execute + resident output retrieval + output result-event wait; inputs and outputs remain GPU-resident; excludes prior-iteration cleanup, output serialization and transfers, input generation, keygen, encrypt, graph validation, decrypt, diagnostics",multiply_relinearize_modswitch,100,0.0002357455,0.00023605083,,,test_data/fhe-round-trip/phantom/mxx-phantom-36.json,centered_binomial_21,3.24037034920393,uniform_ternary,test_data/fhe-round-trip/optimization/standalone-shared-event/phantom-36-1.json,1f4a198443b3af77118e51f53d5b8f332154b875,0.00015907,0.00015932594,0.00015462400019168853,0.00015512576088309288,1.482023637392343,1.481559311685216,,,,,,
2026-09-07,mxx,bgv,test_data/fhe-round-trip/bgv/1788762054934609626-2001740.json,30e0e599e586bd7eb5e62dc41bcc8e7e25626726,NVIDIA GeForce RTX 4080 SUPER,8192,"[68717740033,68718346241,68718428161,68719230977]","[137438773249,137438822401]",1032193,2,3.2,20,169,94,0,rough,ADPS16 / Core-SVP,"usvp, dual_hybrid; conditional arora-gb (LWE.estimate.rough)",HE Standard-derived ternary classical 128-bit table,True,128,218,218,https://github.com/encryptorion-lab/phantom-fhe/blob/1f4a198443b3af77118e51f53d5b8f332154b875/include/host/hestdparms.h,2d2980ddf7fba0d1fee407999fbb9adf26bf3368,e35f45b7976a90a79c3c6625a45bbc344c1abc67,"host elapsed production execute + resident output retrieval + output result-event wait; inputs and outputs remain GPU-resident; excludes prior-iteration cleanup, output serialization and transfers, input generation, keygen, encrypt, graph validation, decrypt, diagnostics",relinearize,100,0.0001936205,0.00019387756,,,test_data/fhe-round-trip/phantom/mxx-phantom-36.json,centered_binomial_21,3.24037034920393,uniform_ternary,test_data/fhe-round-trip/optimization/standalone-shared-event/phantom-36-1.json,1f4a198443b3af77118e51f53d5b8f332154b875,0.000111596,0.00011188057,0.00010751999914646149,0.00010759007900953293,1.7350129036883042,1.7328974995390172,,,,,,
2026-09-07,mxx,bgv,test_data/fhe-round-trip/bgv/1788762054934609626-2001740.json,30e0e599e586bd7eb5e62dc41bcc8e7e25626726,NVIDIA GeForce RTX 4080 SUPER,8192,"[68717740033,68718346241,68718428161,68719230977]","[137438773249,137438822401]",1032193,2,3.2,20,169,94,0,rough,ADPS16 / Core-SVP,"usvp, dual_hybrid; conditional arora-gb (LWE.estimate.rough)",HE Standard-derived ternary classical 128-bit table,True,128,218,218,https://github.com/encryptorion-lab/phantom-fhe/blob/1f4a198443b3af77118e51f53d5b8f332154b875/include/host/hestdparms.h,2d2980ddf7fba0d1fee407999fbb9adf26bf3368,e35f45b7976a90a79c3c6625a45bbc344c1abc67,"host elapsed production execute + resident output retrieval + output result-event wait; inputs and outputs remain GPU-resident; excludes prior-iteration cleanup, output serialization and transfers, input generation, keygen, encrypt, graph validation, decrypt, diagnostics",modswitch,100,7.7792e-05,7.816944000000001e-05,,,test_data/fhe-round-trip/phantom/mxx-phantom-36.json,centered_binomial_21,3.24037034920393,uniform_ternary,test_data/fhe-round-trip/optimization/standalone-shared-event/phantom-36-1.json,1f4a198443b3af77118e51f53d5b8f332154b875,4.84915e-05,4.862188e-05,4.403200000524521e-05,4.444256000220776e-05,1.6042399183362033,1.6077008951525529,,,,,,
2026-09-07,mxx,bgv,test_data/fhe-round-trip/bgv/1788762130777234843-2001907.json,30e0e599e586bd7eb5e62dc41bcc8e7e25626726,NVIDIA GeForce RTX 4080 SUPER,8192,"[18014398507892737,18014398508138497,18014398508400641]",[72057594037616641],1032193,1,3.2,20,144,94,0,rough,ADPS16 / Core-SVP,"usvp, dual_hybrid; conditional arora-gb (LWE.estimate.rough)",HE Standard-derived ternary classical 128-bit table,True,128,218,218,https://github.com/encryptorion-lab/phantom-fhe/blob/1f4a198443b3af77118e51f53d5b8f332154b875/include/host/hestdparms.h,2d2980ddf7fba0d1fee407999fbb9adf26bf3368,e35f45b7976a90a79c3c6625a45bbc344c1abc67,"host elapsed production execute + resident output retrieval + output result-event wait; inputs and outputs remain GPU-resident; excludes prior-iteration cleanup, output serialization and transfers, input generation, keygen, encrypt, graph validation, decrypt, diagnostics",multiply,100,6.2563e-05,6.335428e-05,,,test_data/fhe-round-trip/phantom/mxx-phantom-54.json,centered_binomial_21,3.24037034920393,uniform_ternary,test_data/fhe-round-trip/optimization/standalone-shared-event/phantom-54-2.json,1f4a198443b3af77118e51f53d5b8f332154b875,1.05095e-05,1.05433e-05,6.303999805822968e-06,6.528000044636428e-06,5.952994909367716,6.008961141198676,,,,,,
2026-09-07,mxx,bgv,test_data/fhe-round-trip/bgv/1788762130777234843-2001907.json,30e0e599e586bd7eb5e62dc41bcc8e7e25626726,NVIDIA GeForce RTX 4080 SUPER,8192,"[18014398507892737,18014398508138497,18014398508400641]",[72057594037616641],1032193,1,3.2,20,144,94,0,rough,ADPS16 / Core-SVP,"usvp, dual_hybrid; conditional arora-gb (LWE.estimate.rough)",HE Standard-derived ternary classical 128-bit table,True,128,218,218,https://github.com/encryptorion-lab/phantom-fhe/blob/1f4a198443b3af77118e51f53d5b8f332154b875/include/host/hestdparms.h,2d2980ddf7fba0d1fee407999fbb9adf26bf3368,e35f45b7976a90a79c3c6625a45bbc344c1abc67,"host elapsed production execute + resident output retrieval + output result-event wait; inputs and outputs remain GPU-resident; excludes prior-iteration cleanup, output serialization and transfers, input generation, keygen, encrypt, graph validation, decrypt, diagnostics",multiply_relinearize,100,0.000207542,0.00020985665,,,test_data/fhe-round-trip/phantom/mxx-phantom-54.json,centered_binomial_21,3.24037034920393,uniform_ternary,test_data/fhe-round-trip/optimization/standalone-shared-event/phantom-54-2.json,1f4a198443b3af77118e51f53d5b8f332154b875,0.00011832349999999999,0.00011860941,0.00011438399925827979,0.0001144508808851242,1.754021813080242,1.7693086071332789,,,,,,
2026-09-07,mxx,bgv,test_data/fhe-round-trip/bgv/1788762130777234843-2001907.json,30e0e599e586bd7eb5e62dc41bcc8e7e25626726,NVIDIA GeForce RTX 4080 SUPER,8192,"[18014398507892737,18014398508138497,18014398508400641]",[72057594037616641],1032193,1,3.2,20,144,94,0,rough,ADPS16 / Core-SVP,"usvp, dual_hybrid; conditional arora-gb (LWE.estimate.rough)",HE Standard-derived ternary classical 128-bit table,True,128,218,218,https://github.com/encryptorion-lab/phantom-fhe/blob/1f4a198443b3af77118e51f53d5b8f332154b875/include/host/hestdparms.h,2d2980ddf7fba0d1fee407999fbb9adf26bf3368,e35f45b7976a90a79c3c6625a45bbc344c1abc67,"host elapsed production execute + resident output retrieval + output result-event wait; inputs and outputs remain GPU-resident; excludes prior-iteration cleanup, output serialization and transfers, input generation, keygen, encrypt, graph validation, decrypt, diagnostics",multiply_relinearize_modswitch,100,0.0002314415,0.00023382934,,,test_data/fhe-round-trip/phantom/mxx-phantom-54.json,centered_binomial_21,3.24037034920393,uniform_ternary,test_data/fhe-round-trip/optimization/standalone-shared-event/phantom-54-2.json,1f4a198443b3af77118e51f53d5b8f332154b875,0.0001606485,0.00016109627,0.0001566559970378876,0.0001568991981446743,1.4406701587627646,1.4514882312296864,,,,,,
2026-09-07,mxx,bgv,test_data/fhe-round-trip/bgv/1788762130777234843-2001907.json,30e0e599e586bd7eb5e62dc41bcc8e7e25626726,NVIDIA GeForce RTX 4080 SUPER,8192,"[18014398507892737,18014398508138497,18014398508400641]",[72057594037616641],1032193,1,3.2,20,144,94,0,rough,ADPS16 / Core-SVP,"usvp, dual_hybrid; conditional arora-gb (LWE.estimate.rough)",HE Standard-derived ternary classical 128-bit table,True,128,218,218,https://github.com/encryptorion-lab/phantom-fhe/blob/1f4a198443b3af77118e51f53d5b8f332154b875/include/host/hestdparms.h,2d2980ddf7fba0d1fee407999fbb9adf26bf3368,e35f45b7976a90a79c3c6625a45bbc344c1abc67,"host elapsed production execute + resident output retrieval + output result-event wait; inputs and outputs remain GPU-resident; excludes prior-iteration cleanup, output serialization and transfers, input generation, keygen, encrypt, graph validation, decrypt, diagnostics",relinearize,100,0.00018485350000000002,0.0001848423,,,test_data/fhe-round-trip/phantom/mxx-phantom-54.json,centered_binomial_21,3.24037034920393,uniform_ternary,test_data/fhe-round-trip/optimization/standalone-shared-event/phantom-54-2.json,1f4a198443b3af77118e51f53d5b8f332154b875,0.000113985,0.00011434665,0.00010956799983978272,0.0001100649594515562,1.6217353160503576,1.6165082230218375,,,,,,
2026-09-07,mxx,bgv,test_data/fhe-round-trip/bgv/1788762130777234843-2001907.json,30e0e599e586bd7eb5e62dc41bcc8e7e25626726,NVIDIA GeForce RTX 4080 SUPER,8192,"[18014398507892737,18014398508138497,18014398508400641]",[72057594037616641],1032193,1,3.2,20,144,94,0,rough,ADPS16 / Core-SVP,"usvp, dual_hybrid; conditional arora-gb (LWE.estimate.rough)",HE Standard-derived ternary classical 128-bit table,True,128,218,218,https://github.com/encryptorion-lab/phantom-fhe/blob/1f4a198443b3af77118e51f53d5b8f332154b875/include/host/hestdparms.h,2d2980ddf7fba0d1fee407999fbb9adf26bf3368,e35f45b7976a90a79c3c6625a45bbc344c1abc67,"host elapsed production execute + resident output retrieval + output result-event wait; inputs and outputs remain GPU-resident; excludes prior-iteration cleanup, output serialization and transfers, input generation, keygen, encrypt, graph validation, decrypt, diagnostics",modswitch,100,7.112399999999999e-05,7.177506e-05,,,test_data/fhe-round-trip/phantom/mxx-phantom-54.json,centered_binomial_21,3.24037034920393,uniform_ternary,test_data/fhe-round-trip/optimization/standalone-shared-event/phantom-54-2.json,1f4a198443b3af77118e51f53d5b8f332154b875,4.81355e-05,4.820433e-05,4.403200000524521e-05,4.4041919969022274e-05,1.4775789178464958,1.4889753679804285,,,,,,
2026-09-07,mxx,bgv,test_data/fhe-round-trip/bgv/1788762206885806840-2002070.json,30e0e599e586bd7eb5e62dc41bcc8e7e25626726,NVIDIA GeForce RTX 4080 SUPER,8192,"[68717740033,68718346241,68718428161,68719230977]","[137438773249,137438822401]",1032193,2,3.2,20,169,94,0,rough,ADPS16 / Core-SVP,"usvp, dual_hybrid; conditional arora-gb (LWE.estimate.rough)",HE Standard-derived ternary classical 128-bit table,True,128,218,218,https://github.com/encryptorion-lab/phantom-fhe/blob/1f4a198443b3af77118e51f53d5b8f332154b875/include/host/hestdparms.h,2d2980ddf7fba0d1fee407999fbb9adf26bf3368,e35f45b7976a90a79c3c6625a45bbc344c1abc67,"host elapsed production execute + resident output retrieval + output result-event wait; inputs and outputs remain GPU-resident; excludes prior-iteration cleanup, output serialization and transfers, input generation, keygen, encrypt, graph validation, decrypt, diagnostics",multiply,100,5.96775e-05,6.05068e-05,,,test_data/fhe-round-trip/phantom/mxx-phantom-36.json,centered_binomial_21,3.24037034920393,uniform_ternary,test_data/fhe-round-trip/optimization/standalone-shared-event/phantom-36-2.json,1f4a198443b3af77118e51f53d5b8f332154b875,1.067e-05,1.084404e-05,6.7839999683201315e-06,6.705280058085918e-06,5.5930178069353325,5.579728588238332,,,,,,
2026-09-07,mxx,bgv,test_data/fhe-round-trip/bgv/1788762206885806840-2002070.json,30e0e599e586bd7eb5e62dc41bcc8e7e25626726,NVIDIA GeForce RTX 4080 SUPER,8192,"[68717740033,68718346241,68718428161,68719230977]","[137438773249,137438822401]",1032193,2,3.2,20,169,94,0,rough,ADPS16 / Core-SVP,"usvp, dual_hybrid; conditional arora-gb (LWE.estimate.rough)",HE Standard-derived ternary classical 128-bit table,True,128,218,218,https://github.com/encryptorion-lab/phantom-fhe/blob/1f4a198443b3af77118e51f53d5b8f332154b875/include/host/hestdparms.h,2d2980ddf7fba0d1fee407999fbb9adf26bf3368,e35f45b7976a90a79c3c6625a45bbc344c1abc67,"host elapsed production execute + resident output retrieval + output result-event wait; inputs and outputs remain GPU-resident; excludes prior-iteration cleanup, output serialization and transfers, input generation, keygen, encrypt, graph validation, decrypt, diagnostics",multiply_relinearize,100,0.0002095355,0.00020905445,,,test_data/fhe-round-trip/phantom/mxx-phantom-36.json,centered_binomial_21,3.24037034920393,uniform_ternary,test_data/fhe-round-trip/optimization/standalone-shared-event/phantom-36-2.json,1f4a198443b3af77118e51f53d5b8f332154b875,0.00011616,0.00011651959,0.00011222399771213532,0.00011242048010230065,1.8038524449035813,1.7941571026811887,,,,,,
2026-09-07,mxx,bgv,test_data/fhe-round-trip/bgv/1788762206885806840-2002070.json,30e0e599e586bd7eb5e62dc41bcc8e7e25626726,NVIDIA GeForce RTX 4080 SUPER,8192,"[68717740033,68718346241,68718428161,68719230977]","[137438773249,137438822401]",1032193,2,3.2,20,169,94,0,rough,ADPS16 / Core-SVP,"usvp, dual_hybrid; conditional arora-gb (LWE.estimate.rough)",HE Standard-derived ternary classical 128-bit table,True,128,218,218,https://github.com/encryptorion-lab/phantom-fhe/blob/1f4a198443b3af77118e51f53d5b8f332154b875/include/host/hestdparms.h,2d2980ddf7fba0d1fee407999fbb9adf26bf3368,e35f45b7976a90a79c3c6625a45bbc344c1abc67,"host elapsed production execute + resident output retrieval + output result-event wait; inputs and outputs remain GPU-resident; excludes prior-iteration cleanup, output serialization and transfers, input generation, keygen, encrypt, graph validation, decrypt, diagnostics",multiply_relinearize_modswitch,100,0.00024073,0.00024183265,,,test_data/fhe-round-trip/phantom/mxx-phantom-36.json,centered_binomial_21,3.24037034920393,uniform_ternary,test_data/fhe-round-trip/optimization/standalone-shared-event/phantom-36-2.json,1f4a198443b3af77118e51f53d5b8f332154b875,0.0001589605,0.00015934244,0.00015462400019168853,0.0001552240005135536,1.5144013764425754,1.5176913947094068,,,,,,
2026-09-07,mxx,bgv,test_data/fhe-round-trip/bgv/1788762206885806840-2002070.json,30e0e599e586bd7eb5e62dc41bcc8e7e25626726,NVIDIA GeForce RTX 4080 SUPER,8192,"[68717740033,68718346241,68718428161,68719230977]","[137438773249,137438822401]",1032193,2,3.2,20,169,94,0,rough,ADPS16 / Core-SVP,"usvp, dual_hybrid; conditional arora-gb (LWE.estimate.rough)",HE Standard-derived ternary classical 128-bit table,True,128,218,218,https://github.com/encryptorion-lab/phantom-fhe/blob/1f4a198443b3af77118e51f53d5b8f332154b875/include/host/hestdparms.h,2d2980ddf7fba0d1fee407999fbb9adf26bf3368,e35f45b7976a90a79c3c6625a45bbc344c1abc67,"host elapsed production execute + resident output retrieval + output result-event wait; inputs and outputs remain GPU-resident; excludes prior-iteration cleanup, output serialization and transfers, input generation, keygen, encrypt, graph validation, decrypt, diagnostics",relinearize,100,0.00019185699999999998,0.00019169208,,,test_data/fhe-round-trip/phantom/mxx-phantom-36.json,centered_binomial_21,3.24037034920393,uniform_ternary,test_data/fhe-round-trip/optimization/standalone-shared-event/phantom-36-2.json,1f4a198443b3af77118e51f53d5b8f332154b875,0.00011137,0.00011172199,0.00010731199756264687,0.00010741119869053364,1.722699111071204,1.7157954311411747,,,,,,
2026-09-07,mxx,bgv,test_data/fhe-round-trip/bgv/1788762206885806840-2002070.json,30e0e599e586bd7eb5e62dc41bcc8e7e25626726,NVIDIA GeForce RTX 4080 SUPER,8192,"[68717740033,68718346241,68718428161,68719230977]","[137438773249,137438822401]",1032193,2,3.2,20,169,94,0,rough,ADPS16 / Core-SVP,"usvp, dual_hybrid; conditional arora-gb (LWE.estimate.rough)",HE Standard-derived ternary classical 128-bit table,True,128,218,218,https://github.com/encryptorion-lab/phantom-fhe/blob/1f4a198443b3af77118e51f53d5b8f332154b875/include/host/hestdparms.h,2d2980ddf7fba0d1fee407999fbb9adf26bf3368,e35f45b7976a90a79c3c6625a45bbc344c1abc67,"host elapsed production execute + resident output retrieval + output result-event wait; inputs and outputs remain GPU-resident; excludes prior-iteration cleanup, output serialization and transfers, input generation, keygen, encrypt, graph validation, decrypt, diagnostics",modswitch,100,7.826250000000001e-05,7.939845e-05,,,test_data/fhe-round-trip/phantom/mxx-phantom-36.json,centered_binomial_21,3.24037034920393,uniform_ternary,test_data/fhe-round-trip/optimization/standalone-shared-event/phantom-36-2.json,1f4a198443b3af77118e51f53d5b8f332154b875,4.85665e-05,4.855809e-05,4.403200000524521e-05,4.437024001032114e-05,1.6114502795136567,1.6351230042203062,,,,,,
2026-09-07,mxx,bgv,test_data/fhe-round-trip/bgv/1788762283150041087-2002249.json,30e0e599e586bd7eb5e62dc41bcc8e7e25626726,NVIDIA GeForce RTX 4080 SUPER,8192,"[18014398507892737,18014398508138497,18014398508400641]",[72057594037616641],1032193,1,3.2,20,144,94,0,rough,ADPS16 / Core-SVP,"usvp, dual_hybrid; conditional arora-gb (LWE.estimate.rough)",HE Standard-derived ternary classical 128-bit table,True,128,218,218,https://github.com/encryptorion-lab/phantom-fhe/blob/1f4a198443b3af77118e51f53d5b8f332154b875/include/host/hestdparms.h,2d2980ddf7fba0d1fee407999fbb9adf26bf3368,e35f45b7976a90a79c3c6625a45bbc344c1abc67,"host elapsed production execute + resident output retrieval + output result-event wait; inputs and outputs remain GPU-resident; excludes prior-iteration cleanup, output serialization and transfers, input generation, keygen, encrypt, graph validation, decrypt, diagnostics",multiply,100,5.7574e-05,5.793672e-05,,,test_data/fhe-round-trip/phantom/mxx-phantom-54.json,centered_binomial_21,3.24037034920393,uniform_ternary,test_data/fhe-round-trip/optimization/standalone-shared-event/phantom-54-3.json,1f4a198443b3af77118e51f53d5b8f332154b875,1.0444999999999999e-05,1.054666e-05,6.144000217318535e-06,6.4742400823161e-06,5.512111057922452,5.493371361170266,,,,,,
2026-09-07,mxx,bgv,test_data/fhe-round-trip/bgv/1788762283150041087-2002249.json,30e0e599e586bd7eb5e62dc41bcc8e7e25626726,NVIDIA GeForce RTX 4080 SUPER,8192,"[18014398507892737,18014398508138497,18014398508400641]",[72057594037616641],1032193,1,3.2,20,144,94,0,rough,ADPS16 / Core-SVP,"usvp, dual_hybrid; conditional arora-gb (LWE.estimate.rough)",HE Standard-derived ternary classical 128-bit table,True,128,218,218,https://github.com/encryptorion-lab/phantom-fhe/blob/1f4a198443b3af77118e51f53d5b8f332154b875/include/host/hestdparms.h,2d2980ddf7fba0d1fee407999fbb9adf26bf3368,e35f45b7976a90a79c3c6625a45bbc344c1abc67,"host elapsed production execute + resident output retrieval + output result-event wait; inputs and outputs remain GPU-resident; excludes prior-iteration cleanup, output serialization and transfers, input generation, keygen, encrypt, graph validation, decrypt, diagnostics",multiply_relinearize,100,0.000204276,0.00020517533,,,test_data/fhe-round-trip/phantom/mxx-phantom-54.json,centered_binomial_21,3.24037034920393,uniform_ternary,test_data/fhe-round-trip/optimization/standalone-shared-event/phantom-54-3.json,1f4a198443b3af77118e51f53d5b8f332154b875,0.000118369,0.00011861742,0.00011444799974560737,0.0001145571206510067,1.7257558989262392,1.7297234251090607,,,,,,
2026-09-07,mxx,bgv,test_data/fhe-round-trip/bgv/1788762283150041087-2002249.json,30e0e599e586bd7eb5e62dc41bcc8e7e25626726,NVIDIA GeForce RTX 4080 SUPER,8192,"[18014398507892737,18014398508138497,18014398508400641]",[72057594037616641],1032193,1,3.2,20,144,94,0,rough,ADPS16 / Core-SVP,"usvp, dual_hybrid; conditional arora-gb (LWE.estimate.rough)",HE Standard-derived ternary classical 128-bit table,True,128,218,218,https://github.com/encryptorion-lab/phantom-fhe/blob/1f4a198443b3af77118e51f53d5b8f332154b875/include/host/hestdparms.h,2d2980ddf7fba0d1fee407999fbb9adf26bf3368,e35f45b7976a90a79c3c6625a45bbc344c1abc67,"host elapsed production execute + resident output retrieval + output result-event wait; inputs and outputs remain GPU-resident; excludes prior-iteration cleanup, output serialization and transfers, input generation, keygen, encrypt, graph validation, decrypt, diagnostics",multiply_relinearize_modswitch,100,0.000231692,0.00023220542,,,test_data/fhe-round-trip/phantom/mxx-phantom-54.json,centered_binomial_21,3.24037034920393,uniform_ternary,test_data/fhe-round-trip/optimization/standalone-shared-event/phantom-54-3.json,1f4a198443b3af77118e51f53d5b8f332154b875,0.000160664,0.00016108441,0.0001566399931907654,0.00015683487832546234,1.442090325150625,1.4415139242835482,,,,,,
2026-09-07,mxx,bgv,test_data/fhe-round-trip/bgv/1788762283150041087-2002249.json,30e0e599e586bd7eb5e62dc41bcc8e7e25626726,NVIDIA GeForce RTX 4080 SUPER,8192,"[18014398507892737,18014398508138497,18014398508400641]",[72057594037616641],1032193,1,3.2,20,144,94,0,rough,ADPS16 / Core-SVP,"usvp, dual_hybrid; conditional arora-gb (LWE.estimate.rough)",HE Standard-derived ternary classical 128-bit table,True,128,218,218,https://github.com/encryptorion-lab/phantom-fhe/blob/1f4a198443b3af77118e51f53d5b8f332154b875/include/host/hestdparms.h,2d2980ddf7fba0d1fee407999fbb9adf26bf3368,e35f45b7976a90a79c3c6625a45bbc344c1abc67,"host elapsed production execute + resident output retrieval + output result-event wait; inputs and outputs remain GPU-resident; excludes prior-iteration cleanup, output serialization and transfers, input generation, keygen, encrypt, graph validation, decrypt, diagnostics",relinearize,100,0.000186717,0.00018711579,,,test_data/fhe-round-trip/phantom/mxx-phantom-54.json,centered_binomial_21,3.24037034920393,uniform_ternary,test_data/fhe-round-trip/optimization/standalone-shared-event/phantom-54-3.json,1f4a198443b3af77118e51f53d5b8f332154b875,0.000114095,0.00011429547,0.00010956799983978272,0.00010998495921492577,1.636504667163329,1.6371234135526107,,,,,,
2026-09-07,mxx,bgv,test_data/fhe-round-trip/bgv/1788762283150041087-2002249.json,30e0e599e586bd7eb5e62dc41bcc8e7e25626726,NVIDIA GeForce RTX 4080 SUPER,8192,"[18014398507892737,18014398508138497,18014398508400641]",[72057594037616641],1032193,1,3.2,20,144,94,0,rough,ADPS16 / Core-SVP,"usvp, dual_hybrid; conditional arora-gb (LWE.estimate.rough)",HE Standard-derived ternary classical 128-bit table,True,128,218,218,https://github.com/encryptorion-lab/phantom-fhe/blob/1f4a198443b3af77118e51f53d5b8f332154b875/include/host/hestdparms.h,2d2980ddf7fba0d1fee407999fbb9adf26bf3368,e35f45b7976a90a79c3c6625a45bbc344c1abc67,"host elapsed production execute + resident output retrieval + output result-event wait; inputs and outputs remain GPU-resident; excludes prior-iteration cleanup, output serialization and transfers, input generation, keygen, encrypt, graph validation, decrypt, diagnostics",modswitch,100,7.663949999999999e-05,7.669687e-05,,,test_data/fhe-round-trip/phantom/mxx-phantom-54.json,centered_binomial_21,3.24037034920393,uniform_ternary,test_data/fhe-round-trip/optimization/standalone-shared-event/phantom-54-3.json,1f4a198443b3af77118e51f53d5b8f332154b875,4.82005e-05,4.826668e-05,4.403200000524521e-05,4.408768009394407e-05,1.5900146264042903,1.5890231107670965,,,,,,
2026-09-07,mxx,bgv,test_data/fhe-round-trip/bgv/1788762358207925852-2002393.json,30e0e599e586bd7eb5e62dc41bcc8e7e25626726,NVIDIA GeForce RTX 4080 SUPER,8192,"[68717740033,68718346241,68718428161,68719230977]","[137438773249,137438822401]",1032193,2,3.2,20,169,94,0,rough,ADPS16 / Core-SVP,"usvp, dual_hybrid; conditional arora-gb (LWE.estimate.rough)",HE Standard-derived ternary classical 128-bit table,True,128,218,218,https://github.com/encryptorion-lab/phantom-fhe/blob/1f4a198443b3af77118e51f53d5b8f332154b875/include/host/hestdparms.h,2d2980ddf7fba0d1fee407999fbb9adf26bf3368,e35f45b7976a90a79c3c6625a45bbc344c1abc67,"host elapsed production execute + resident output retrieval + output result-event wait; inputs and outputs remain GPU-resident; excludes prior-iteration cleanup, output serialization and transfers, input generation, keygen, encrypt, graph validation, decrypt, diagnostics",multiply,100,6.56135e-05,6.732529e-05,,,test_data/fhe-round-trip/phantom/mxx-phantom-36.json,centered_binomial_21,3.24037034920393,uniform_ternary,test_data/fhe-round-trip/optimization/standalone-shared-event/phantom-36-3.json,1f4a198443b3af77118e51f53d5b8f332154b875,1.0715000000000002e-05,1.073008e-05,6.800000090152025e-06,6.6108800657093525e-06,6.123518432104526,6.274444365745643,,,,,,
2026-09-07,mxx,bgv,test_data/fhe-round-trip/bgv/1788762358207925852-2002393.json,30e0e599e586bd7eb5e62dc41bcc8e7e25626726,NVIDIA GeForce RTX 4080 SUPER,8192,"[68717740033,68718346241,68718428161,68719230977]","[137438773249,137438822401]",1032193,2,3.2,20,169,94,0,rough,ADPS16 / Core-SVP,"usvp, dual_hybrid; conditional arora-gb (LWE.estimate.rough)",HE Standard-derived ternary classical 128-bit table,True,128,218,218,https://github.com/encryptorion-lab/phantom-fhe/blob/1f4a198443b3af77118e51f53d5b8f332154b875/include/host/hestdparms.h,2d2980ddf7fba0d1fee407999fbb9adf26bf3368,e35f45b7976a90a79c3c6625a45bbc344c1abc67,"host elapsed production execute + resident output retrieval + output result-event wait; inputs and outputs remain GPU-resident; excludes prior-iteration cleanup, output serialization and transfers, input generation, keygen, encrypt, graph validation, decrypt, diagnostics",multiply_relinearize,100,0.000207431,0.00020766452,,,test_data/fhe-round-trip/phantom/mxx-phantom-36.json,centered_binomial_21,3.24037034920393,uniform_ternary,test_data/fhe-round-trip/optimization/standalone-shared-event/phantom-36-3.json,1f4a198443b3af77118e51f53d5b8f332154b875,0.000116279,0.00011664501,0.00011239999905228614,0.00011257504008710384,1.7839076703446022,1.780312076787511,,,,,,
2026-09-07,mxx,bgv,test_data/fhe-round-trip/bgv/1788762358207925852-2002393.json,30e0e599e586bd7eb5e62dc41bcc8e7e25626726,NVIDIA GeForce RTX 4080 SUPER,8192,"[68717740033,68718346241,68718428161,68719230977]","[137438773249,137438822401]",1032193,2,3.2,20,169,94,0,rough,ADPS16 / Core-SVP,"usvp, dual_hybrid; conditional arora-gb (LWE.estimate.rough)",HE Standard-derived ternary classical 128-bit table,True,128,218,218,https://github.com/encryptorion-lab/phantom-fhe/blob/1f4a198443b3af77118e51f53d5b8f332154b875/include/host/hestdparms.h,2d2980ddf7fba0d1fee407999fbb9adf26bf3368,e35f45b7976a90a79c3c6625a45bbc344c1abc67,"host elapsed production execute + resident output retrieval + output result-event wait; inputs and outputs remain GPU-resident; excludes prior-iteration cleanup, output serialization and transfers, input generation, keygen, encrypt, graph validation, decrypt, diagnostics",multiply_relinearize_modswitch,100,0.000241716,0.00024296589,,,test_data/fhe-round-trip/phantom/mxx-phantom-36.json,centered_binomial_21,3.24037034920393,uniform_ternary,test_data/fhe-round-trip/optimization/standalone-shared-event/phantom-36-3.json,1f4a198443b3af77118e51f53d5b8f332154b875,0.000159145,0.00015952392,0.00015462400019168853,0.00015527584090828896,1.5188413082409125,1.5230687034270474,,,,,,
2026-09-07,mxx,bgv,test_data/fhe-round-trip/bgv/1788762358207925852-2002393.json,30e0e599e586bd7eb5e62dc41bcc8e7e25626726,NVIDIA GeForce RTX 4080 SUPER,8192,"[68717740033,68718346241,68718428161,68719230977]","[137438773249,137438822401]",1032193,2,3.2,20,169,94,0,rough,ADPS16 / Core-SVP,"usvp, dual_hybrid; conditional arora-gb (LWE.estimate.rough)",HE Standard-derived ternary classical 128-bit table,True,128,218,218,https://github.com/encryptorion-lab/phantom-fhe/blob/1f4a198443b3af77118e51f53d5b8f332154b875/include/host/hestdparms.h,2d2980ddf7fba0d1fee407999fbb9adf26bf3368,e35f45b7976a90a79c3c6625a45bbc344c1abc67,"host elapsed production execute + resident output retrieval + output result-event wait; inputs and outputs remain GPU-resident; excludes prior-iteration cleanup, output serialization and transfers, input generation, keygen, encrypt, graph validation, decrypt, diagnostics",relinearize,100,0.00019343049999999998,0.0001940797,,,test_data/fhe-round-trip/phantom/mxx-phantom-36.json,centered_binomial_21,3.24037034920393,uniform_ternary,test_data/fhe-round-trip/optimization/standalone-shared-event/phantom-36-3.json,1f4a198443b3af77118e51f53d5b8f332154b875,0.000111385,0.00011172926,0.00010731199756264687,0.00010738015890121459,1.7365937962921396,1.7370534808876383,,,,,,
2026-09-07,mxx,bgv,test_data/fhe-round-trip/bgv/1788762358207925852-2002393.json,30e0e599e586bd7eb5e62dc41bcc8e7e25626726,NVIDIA GeForce RTX 4080 SUPER,8192,"[68717740033,68718346241,68718428161,68719230977]","[137438773249,137438822401]",1032193,2,3.2,20,169,94,0,rough,ADPS16 / Core-SVP,"usvp, dual_hybrid; conditional arora-gb (LWE.estimate.rough)",HE Standard-derived ternary classical 128-bit table,True,128,218,218,https://github.com/encryptorion-lab/phantom-fhe/blob/1f4a198443b3af77118e51f53d5b8f332154b875/include/host/hestdparms.h,2d2980ddf7fba0d1fee407999fbb9adf26bf3368,e35f45b7976a90a79c3c6625a45bbc344c1abc67,"host elapsed production execute + resident output retrieval + output result-event wait; inputs and outputs remain GPU-resident; excludes prior-iteration cleanup, output serialization and transfers, input generation, keygen, encrypt, graph validation, decrypt, diagnostics",modswitch,100,7.87785e-05,7.948424e-05,,,test_data/fhe-round-trip/phantom/mxx-phantom-36.json,centered_binomial_21,3.24037034920393,uniform_ternary,test_data/fhe-round-trip/optimization/standalone-shared-event/phantom-36-3.json,1f4a198443b3af77118e51f53d5b8f332154b875,4.8466999999999995e-05,4.852203e-05,4.403200000524521e-05,4.439391989260912e-05,1.6254049146842184,1.638106237517268,,,,,,
2026-09-07,mxx,ring_gsw,test_data/fhe-round-trip/ring_gsw/1788762360088293475-2002573.json,30e0e599e586bd7eb5e62dc41bcc8e7e25626726,NVIDIA GeForce RTX 4080 SUPER,2048,[1152921504606830593],[],,,339.0,2203,96,,0,rough,ADPS16 / Core-SVP,"usvp, dual_hybrid; conditional arora-gb (LWE.estimate.rough)",HE Standard-derived ternary classical 128-bit table,False,,54,60,https://github.com/encryptorion-lab/phantom-fhe/blob/1f4a198443b3af77118e51f53d5b8f332154b875/include/host/hestdparms.h,2d2980ddf7fba0d1fee407999fbb9adf26bf3368,e35f45b7976a90a79c3c6625a45bbc344c1abc67,"host elapsed production execute + resident output retrieval + output result-event wait; inputs and outputs remain GPU-resident; excludes prior-iteration cleanup, output serialization and transfers, input generation, keygen, encrypt, graph validation, decrypt, diagnostics",external_product,100,0.000129885,0.00013379515,,,,,,,,,,,,,,,0,0,2802,140737488355326,8,8
2026-09-07,mxx,ring_gsw,test_data/fhe-round-trip/ring_gsw/1788762360088293475-2002573.json,30e0e599e586bd7eb5e62dc41bcc8e7e25626726,NVIDIA GeForce RTX 4080 SUPER,2048,[1152921504606830593],[],,,339.0,2203,96,,0,rough,ADPS16 / Core-SVP,"usvp, dual_hybrid; conditional arora-gb (LWE.estimate.rough)",HE Standard-derived ternary classical 128-bit table,False,,54,60,https://github.com/encryptorion-lab/phantom-fhe/blob/1f4a198443b3af77118e51f53d5b8f332154b875/include/host/hestdparms.h,2d2980ddf7fba0d1fee407999fbb9adf26bf3368,e35f45b7976a90a79c3c6625a45bbc344c1abc67,"host elapsed production execute + resident output retrieval + output result-event wait; inputs and outputs remain GPU-resident; excludes prior-iteration cleanup, output serialization and transfers, input generation, keygen, encrypt, graph validation, decrypt, diagnostics",external_product,100,0.000133828,0.00013620093,,,,,,,,,,,,,,,1,1,927,140737488355326,8,8
2026-09-07,mxx,ring_gsw,test_data/fhe-round-trip/ring_gsw/1788762360088293475-2002573.json,30e0e599e586bd7eb5e62dc41bcc8e7e25626726,NVIDIA GeForce RTX 4080 SUPER,2048,[1152921504606830593],[],,,339.0,2203,96,,0,rough,ADPS16 / Core-SVP,"usvp, dual_hybrid; conditional arora-gb (LWE.estimate.rough)",HE Standard-derived ternary classical 128-bit table,False,,54,60,https://github.com/encryptorion-lab/phantom-fhe/blob/1f4a198443b3af77118e51f53d5b8f332154b875/include/host/hestdparms.h,2d2980ddf7fba0d1fee407999fbb9adf26bf3368,e35f45b7976a90a79c3c6625a45bbc344c1abc67,"host elapsed production execute + resident output retrieval + output result-event wait; inputs and outputs remain GPU-resident; excludes prior-iteration cleanup, output serialization and transfers, input generation, keygen, encrypt, graph validation, decrypt, diagnostics",external_product,100,0.000142534,0.00014405484,,,,,,,,,,,,,,,2,1,1870,140737488355326,8,8
2026-09-07,mxx,ring_gsw,test_data/fhe-round-trip/ring_gsw/1788762361884020329-2002672.json,30e0e599e586bd7eb5e62dc41bcc8e7e25626726,NVIDIA GeForce RTX 4080 SUPER,2048,[1152921504606830593],[],,,339.0,2203,96,,0,rough,ADPS16 / Core-SVP,"usvp, dual_hybrid; conditional arora-gb (LWE.estimate.rough)",HE Standard-derived ternary classical 128-bit table,False,,54,60,https://github.com/encryptorion-lab/phantom-fhe/blob/1f4a198443b3af77118e51f53d5b8f332154b875/include/host/hestdparms.h,2d2980ddf7fba0d1fee407999fbb9adf26bf3368,e35f45b7976a90a79c3c6625a45bbc344c1abc67,"host elapsed production execute + resident output retrieval + output result-event wait; inputs and outputs remain GPU-resident; excludes prior-iteration cleanup, output serialization and transfers, input generation, keygen, encrypt, graph validation, decrypt, diagnostics",external_product,100,0.000132235,0.00013424883,,,,,,,,,,,,,,,0,0,1602,140737488355326,8,8
2026-09-07,mxx,ring_gsw,test_data/fhe-round-trip/ring_gsw/1788762361884020329-2002672.json,30e0e599e586bd7eb5e62dc41bcc8e7e25626726,NVIDIA GeForce RTX 4080 SUPER,2048,[1152921504606830593],[],,,339.0,2203,96,,0,rough,ADPS16 / Core-SVP,"usvp, dual_hybrid; conditional arora-gb (LWE.estimate.rough)",HE Standard-derived ternary classical 128-bit table,False,,54,60,https://github.com/encryptorion-lab/phantom-fhe/blob/1f4a198443b3af77118e51f53d5b8f332154b875/include/host/hestdparms.h,2d2980ddf7fba0d1fee407999fbb9adf26bf3368,e35f45b7976a90a79c3c6625a45bbc344c1abc67,"host elapsed production execute + resident output retrieval + output result-event wait; inputs and outputs remain GPU-resident; excludes prior-iteration cleanup, output serialization and transfers, input generation, keygen, encrypt, graph validation, decrypt, diagnostics",external_product,100,0.0001283425,0.00013093983,,,,,,,,,,,,,,,1,1,1412,140737488355326,8,8
2026-09-07,mxx,ring_gsw,test_data/fhe-round-trip/ring_gsw/1788762361884020329-2002672.json,30e0e599e586bd7eb5e62dc41bcc8e7e25626726,NVIDIA GeForce RTX 4080 SUPER,2048,[1152921504606830593],[],,,339.0,2203,96,,0,rough,ADPS16 / Core-SVP,"usvp, dual_hybrid; conditional arora-gb (LWE.estimate.rough)",HE Standard-derived ternary classical 128-bit table,False,,54,60,https://github.com/encryptorion-lab/phantom-fhe/blob/1f4a198443b3af77118e51f53d5b8f332154b875/include/host/hestdparms.h,2d2980ddf7fba0d1fee407999fbb9adf26bf3368,e35f45b7976a90a79c3c6625a45bbc344c1abc67,"host elapsed production execute + resident output retrieval + output result-event wait; inputs and outputs remain GPU-resident; excludes prior-iteration cleanup, output serialization and transfers, input generation, keygen, encrypt, graph validation, decrypt, diagnostics",external_product,100,0.000139147,0.0001412955,,,,,,,,,,,,,,,2,1,224,140737488355326,8,8
2026-09-07,mxx,ring_gsw,test_data/fhe-round-trip/ring_gsw/1788762363715378986-2002769.json,30e0e599e586bd7eb5e62dc41bcc8e7e25626726,NVIDIA GeForce RTX 4080 SUPER,2048,[1152921504606830593],[],,,339.0,2203,96,,0,rough,ADPS16 / Core-SVP,"usvp, dual_hybrid; conditional arora-gb (LWE.estimate.rough)",HE Standard-derived ternary classical 128-bit table,False,,54,60,https://github.com/encryptorion-lab/phantom-fhe/blob/1f4a198443b3af77118e51f53d5b8f332154b875/include/host/hestdparms.h,2d2980ddf7fba0d1fee407999fbb9adf26bf3368,e35f45b7976a90a79c3c6625a45bbc344c1abc67,"host elapsed production execute + resident output retrieval + output result-event wait; inputs and outputs remain GPU-resident; excludes prior-iteration cleanup, output serialization and transfers, input generation, keygen, encrypt, graph validation, decrypt, diagnostics",external_product,100,0.0001316185,0.00013425665,,,,,,,,,,,,,,,0,0,2657,140737488355326,8,8
2026-09-07,mxx,ring_gsw,test_data/fhe-round-trip/ring_gsw/1788762363715378986-2002769.json,30e0e599e586bd7eb5e62dc41bcc8e7e25626726,NVIDIA GeForce RTX 4080 SUPER,2048,[1152921504606830593],[],,,339.0,2203,96,,0,rough,ADPS16 / Core-SVP,"usvp, dual_hybrid; conditional arora-gb (LWE.estimate.rough)",HE Standard-derived ternary classical 128-bit table,False,,54,60,https://github.com/encryptorion-lab/phantom-fhe/blob/1f4a198443b3af77118e51f53d5b8f332154b875/include/host/hestdparms.h,2d2980ddf7fba0d1fee407999fbb9adf26bf3368,e35f45b7976a90a79c3c6625a45bbc344c1abc67,"host elapsed production execute + resident output retrieval + output result-event wait; inputs and outputs remain GPU-resident; excludes prior-iteration cleanup, output serialization and transfers, input generation, keygen, encrypt, graph validation, decrypt, diagnostics",external_product,100,0.000143947,0.00014581268,,,,,,,,,,,,,,,1,1,660,140737488355326,8,8
2026-09-07,mxx,ring_gsw,test_data/fhe-round-trip/ring_gsw/1788762363715378986-2002769.json,30e0e599e586bd7eb5e62dc41bcc8e7e25626726,NVIDIA GeForce RTX 4080 SUPER,2048,[1152921504606830593],[],,,339.0,2203,96,,0,rough,ADPS16 / Core-SVP,"usvp, dual_hybrid; conditional arora-gb (LWE.estimate.rough)",HE Standard-derived ternary classical 128-bit table,False,,54,60,https://github.com/encryptorion-lab/phantom-fhe/blob/1f4a198443b3af77118e51f53d5b8f332154b875/include/host/hestdparms.h,2d2980ddf7fba0d1fee407999fbb9adf26bf3368,e35f45b7976a90a79c3c6625a45bbc344c1abc67,"host elapsed production execute + resident output retrieval + output result-event wait; inputs and outputs remain GPU-resident; excludes prior-iteration cleanup, output serialization and transfers, input generation, keygen, encrypt, graph validation, decrypt, diagnostics",external_product,100,0.00013438300000000002,0.00013652232,,,,,,,,,,,,,,,2,1,80,140737488355326,8,8
2026-09-07,mxx,bgv,test_data/fhe-round-trip/bgv/1788764208318985028-2027506.json,30e0e599e586bd7eb5e62dc41bcc8e7e25626726,NVIDIA GeForce RTX 4080 SUPER,8192,"[18014398507892737,18014398508138497,18014398508400641]",[72057594037616641],1032193,1,3.2,20,144,94,0,rough,ADPS16 / Core-SVP,"usvp, dual_hybrid; conditional arora-gb (LWE.estimate.rough)",HE Standard-derived ternary classical 128-bit table,True,128,218,218,https://github.com/encryptorion-lab/phantom-fhe/blob/1f4a198443b3af77118e51f53d5b8f332154b875/include/host/hestdparms.h,2d2980ddf7fba0d1fee407999fbb9adf26bf3368,e35f45b7976a90a79c3c6625a45bbc344c1abc67,"host elapsed production execute + resident output retrieval + output result-event wait; inputs and outputs remain GPU-resident; excludes prior-iteration cleanup, output serialization and transfers, input generation, keygen, encrypt, graph validation, decrypt, diagnostics",multiply,100,5.8149499999999996e-05,5.869024e-05,,,test_data/fhe-round-trip/phantom/mxx-phantom-54.json,centered_binomial_21,3.24037034920393,uniform_ternary,test_data/fhe-round-trip/optimization/fused-descriptor/phantom-54-1.json,1f4a198443b3af77118e51f53d5b8f332154b875,1.0499e-05,1.060338e-05,6.272000027820468e-06,6.562240081839264e-06,5.538575102390703,5.535050144387922,,,,,,
2026-09-07,mxx,bgv,test_data/fhe-round-trip/bgv/1788764208318985028-2027506.json,30e0e599e586bd7eb5e62dc41bcc8e7e25626726,NVIDIA GeForce RTX 4080 SUPER,8192,"[18014398507892737,18014398508138497,18014398508400641]",[72057594037616641],1032193,1,3.2,20,144,94,0,rough,ADPS16 / Core-SVP,"usvp, dual_hybrid; conditional arora-gb (LWE.estimate.rough)",HE Standard-derived ternary classical 128-bit table,True,128,218,218,https://github.com/encryptorion-lab/phantom-fhe/blob/1f4a198443b3af77118e51f53d5b8f332154b875/include/host/hestdparms.h,2d2980ddf7fba0d1fee407999fbb9adf26bf3368,e35f45b7976a90a79c3c6625a45bbc344c1abc67,"host elapsed production execute + resident output retrieval + output result-event wait; inputs and outputs remain GPU-resident; excludes prior-iteration cleanup, output serialization and transfers, input generation, keygen, encrypt, graph validation, decrypt, diagnostics",multiply_relinearize,100,0.00020515749999999998,0.0002054909,,,test_data/fhe-round-trip/phantom/mxx-phantom-54.json,centered_binomial_21,3.24037034920393,uniform_ternary,test_data/fhe-round-trip/optimization/fused-descriptor/phantom-54-1.json,1f4a198443b3af77118e51f53d5b8f332154b875,0.00011832349999999999,0.00011875984,0.00011447999998927117,0.00011460672095417976,1.73386943422059,1.730306305565922,,,,,,
2026-09-07,mxx,bgv,test_data/fhe-round-trip/bgv/1788764208318985028-2027506.json,30e0e599e586bd7eb5e62dc41bcc8e7e25626726,NVIDIA GeForce RTX 4080 SUPER,8192,"[18014398507892737,18014398508138497,18014398508400641]",[72057594037616641],1032193,1,3.2,20,144,94,0,rough,ADPS16 / Core-SVP,"usvp, dual_hybrid; conditional arora-gb (LWE.estimate.rough)",HE Standard-derived ternary classical 128-bit table,True,128,218,218,https://github.com/encryptorion-lab/phantom-fhe/blob/1f4a198443b3af77118e51f53d5b8f332154b875/include/host/hestdparms.h,2d2980ddf7fba0d1fee407999fbb9adf26bf3368,e35f45b7976a90a79c3c6625a45bbc344c1abc67,"host elapsed production execute + resident output retrieval + output result-event wait; inputs and outputs remain GPU-resident; excludes prior-iteration cleanup, output serialization and transfers, input generation, keygen, encrypt, graph validation, decrypt, diagnostics",multiply_relinearize_modswitch,100,0.0002316125,0.00023225664,,,test_data/fhe-round-trip/phantom/mxx-phantom-54.json,centered_binomial_21,3.24037034920393,uniform_ternary,test_data/fhe-round-trip/optimization/fused-descriptor/phantom-54-1.json,1f4a198443b3af77118e51f53d5b8f332154b875,0.000160588,0.00016106514,0.0001565439999103546,0.00015679903849959373,1.4422777542531198,1.4420043964820692,,,,,,
2026-09-07,mxx,bgv,test_data/fhe-round-trip/bgv/1788764208318985028-2027506.json,30e0e599e586bd7eb5e62dc41bcc8e7e25626726,NVIDIA GeForce RTX 4080 SUPER,8192,"[18014398507892737,18014398508138497,18014398508400641]",[72057594037616641],1032193,1,3.2,20,144,94,0,rough,ADPS16 / Core-SVP,"usvp, dual_hybrid; conditional arora-gb (LWE.estimate.rough)",HE Standard-derived ternary classical 128-bit table,True,128,218,218,https://github.com/encryptorion-lab/phantom-fhe/blob/1f4a198443b3af77118e51f53d5b8f332154b875/include/host/hestdparms.h,2d2980ddf7fba0d1fee407999fbb9adf26bf3368,e35f45b7976a90a79c3c6625a45bbc344c1abc67,"host elapsed production execute + resident output retrieval + output result-event wait; inputs and outputs remain GPU-resident; excludes prior-iteration cleanup, output serialization and transfers, input generation, keygen, encrypt, graph validation, decrypt, diagnostics",relinearize,100,0.000188486,0.00018948068,,,test_data/fhe-round-trip/phantom/mxx-phantom-54.json,centered_binomial_21,3.24037034920393,uniform_ternary,test_data/fhe-round-trip/optimization/fused-descriptor/phantom-54-1.json,1f4a198443b3af77118e51f53d5b8f332154b875,0.00011396,0.00011430054,0.00010956799983978272,0.00011006175935268402,1.653966303966304,1.6577408995618044,,,,,,
2026-09-07,mxx,bgv,test_data/fhe-round-trip/bgv/1788764208318985028-2027506.json,30e0e599e586bd7eb5e62dc41bcc8e7e25626726,NVIDIA GeForce RTX 4080 SUPER,8192,"[18014398507892737,18014398508138497,18014398508400641]",[72057594037616641],1032193,1,3.2,20,144,94,0,rough,ADPS16 / Core-SVP,"usvp, dual_hybrid; conditional arora-gb (LWE.estimate.rough)",HE Standard-derived ternary classical 128-bit table,True,128,218,218,https://github.com/encryptorion-lab/phantom-fhe/blob/1f4a198443b3af77118e51f53d5b8f332154b875/include/host/hestdparms.h,2d2980ddf7fba0d1fee407999fbb9adf26bf3368,e35f45b7976a90a79c3c6625a45bbc344c1abc67,"host elapsed production execute + resident output retrieval + output result-event wait; inputs and outputs remain GPU-resident; excludes prior-iteration cleanup, output serialization and transfers, input generation, keygen, encrypt, graph validation, decrypt, diagnostics",modswitch,100,7.7757e-05,7.82396e-05,,,test_data/fhe-round-trip/phantom/mxx-phantom-54.json,centered_binomial_21,3.24037034920393,uniform_ternary,test_data/fhe-round-trip/optimization/fused-descriptor/phantom-54-1.json,1f4a198443b3af77118e51f53d5b8f332154b875,4.8221e-05,4.82585e-05,4.403200000524521e-05,4.419040001928806e-05,1.6125132203811616,1.6212605033310195,,,,,,
2026-09-07,mxx,bgv,test_data/fhe-round-trip/bgv/1788764283783190468-2027666.json,30e0e599e586bd7eb5e62dc41bcc8e7e25626726,NVIDIA GeForce RTX 4080 SUPER,8192,"[68717740033,68718346241,68718428161,68719230977]","[137438773249,137438822401]",1032193,2,3.2,20,169,94,0,rough,ADPS16 / Core-SVP,"usvp, dual_hybrid; conditional arora-gb (LWE.estimate.rough)",HE Standard-derived ternary classical 128-bit table,True,128,218,218,https://github.com/encryptorion-lab/phantom-fhe/blob/1f4a198443b3af77118e51f53d5b8f332154b875/include/host/hestdparms.h,2d2980ddf7fba0d1fee407999fbb9adf26bf3368,e35f45b7976a90a79c3c6625a45bbc344c1abc67,"host elapsed production execute + resident output retrieval + output result-event wait; inputs and outputs remain GPU-resident; excludes prior-iteration cleanup, output serialization and transfers, input generation, keygen, encrypt, graph validation, decrypt, diagnostics",multiply,100,5.7342999999999996e-05,5.824662e-05,,,test_data/fhe-round-trip/phantom/mxx-phantom-36.json,centered_binomial_21,3.24037034920393,uniform_ternary,test_data/fhe-round-trip/optimization/fused-descriptor/phantom-36-1.json,1f4a198443b3af77118e51f53d5b8f332154b875,1.073e-05,1.080231e-05,6.8320001009851695e-06,6.779840076342225e-06,5.344175209692451,5.392052255489798,,,,,,
2026-09-07,mxx,bgv,test_data/fhe-round-trip/bgv/1788764283783190468-2027666.json,30e0e599e586bd7eb5e62dc41bcc8e7e25626726,NVIDIA GeForce RTX 4080 SUPER,8192,"[68717740033,68718346241,68718428161,68719230977]","[137438773249,137438822401]",1032193,2,3.2,20,169,94,0,rough,ADPS16 / Core-SVP,"usvp, dual_hybrid; conditional arora-gb (LWE.estimate.rough)",HE Standard-derived ternary classical 128-bit table,True,128,218,218,https://github.com/encryptorion-lab/phantom-fhe/blob/1f4a198443b3af77118e51f53d5b8f332154b875/include/host/hestdparms.h,2d2980ddf7fba0d1fee407999fbb9adf26bf3368,e35f45b7976a90a79c3c6625a45bbc344c1abc67,"host elapsed production execute + resident output retrieval + output result-event wait; inputs and outputs remain GPU-resident; excludes prior-iteration cleanup, output serialization and transfers, input generation, keygen, encrypt, graph validation, decrypt, diagnostics",multiply_relinearize,100,0.000213528,0.00021349818,,,test_data/fhe-round-trip/phantom/mxx-phantom-36.json,centered_binomial_21,3.24037034920393,uniform_ternary,test_data/fhe-round-trip/optimization/fused-descriptor/phantom-36-1.json,1f4a198443b3af77118e51f53d5b8f332154b875,0.0001161795,0.000116591,0.00011227199807763101,0.00011248512007296086,1.8379146062773553,1.8311720458697498,,,,,,
2026-09-07,mxx,bgv,test_data/fhe-round-trip/bgv/1788764283783190468-2027666.json,30e0e599e586bd7eb5e62dc41bcc8e7e25626726,NVIDIA GeForce RTX 4080 SUPER,8192,"[68717740033,68718346241,68718428161,68719230977]","[137438773249,137438822401]",1032193,2,3.2,20,169,94,0,rough,ADPS16 / Core-SVP,"usvp, dual_hybrid; conditional arora-gb (LWE.estimate.rough)",HE Standard-derived ternary classical 128-bit table,True,128,218,218,https://github.com/encryptorion-lab/phantom-fhe/blob/1f4a198443b3af77118e51f53d5b8f332154b875/include/host/hestdparms.h,2d2980ddf7fba0d1fee407999fbb9adf26bf3368,e35f45b7976a90a79c3c6625a45bbc344c1abc67,"host elapsed production execute + resident output retrieval + output result-event wait; inputs and outputs remain GPU-resident; excludes prior-iteration cleanup, output serialization and transfers, input generation, keygen, encrypt, graph validation, decrypt, diagnostics",multiply_relinearize_modswitch,100,0.000243169,0.0002442209,,,test_data/fhe-round-trip/phantom/mxx-phantom-36.json,centered_binomial_21,3.24037034920393,uniform_ternary,test_data/fhe-round-trip/optimization/fused-descriptor/phantom-36-1.json,1f4a198443b3af77118e51f53d5b8f332154b875,0.000159211,0.00015937925,0.00015462400019168853,0.0001551446397602558,1.5273379351929202,1.532325569357366,,,,,,
2026-09-07,mxx,bgv,test_data/fhe-round-trip/bgv/1788764283783190468-2027666.json,30e0e599e586bd7eb5e62dc41bcc8e7e25626726,NVIDIA GeForce RTX 4080 SUPER,8192,"[68717740033,68718346241,68718428161,68719230977]","[137438773249,137438822401]",1032193,2,3.2,20,169,94,0,rough,ADPS16 / Core-SVP,"usvp, dual_hybrid; conditional arora-gb (LWE.estimate.rough)",HE Standard-derived ternary classical 128-bit table,True,128,218,218,https://github.com/encryptorion-lab/phantom-fhe/blob/1f4a198443b3af77118e51f53d5b8f332154b875/include/host/hestdparms.h,2d2980ddf7fba0d1fee407999fbb9adf26bf3368,e35f45b7976a90a79c3c6625a45bbc344c1abc67,"host elapsed production execute + resident output retrieval + output result-event wait; inputs and outputs remain GPU-resident; excludes prior-iteration cleanup, output serialization and transfers, input generation, keygen, encrypt, graph validation, decrypt, diagnostics",relinearize,100,0.0001895075,0.00019027993,,,test_data/fhe-round-trip/phantom/mxx-phantom-36.json,centered_binomial_21,3.24037034920393,uniform_ternary,test_data/fhe-round-trip/optimization/fused-descriptor/phantom-36-1.json,1f4a198443b3af77118e51f53d5b8f332154b875,0.0001115455,0.00011188593,0.00010735999792814255,0.00010754559896886348,1.6989255505600855,1.7006600383086596,,,,,,
2026-09-07,mxx,bgv,test_data/fhe-round-trip/bgv/1788764283783190468-2027666.json,30e0e599e586bd7eb5e62dc41bcc8e7e25626726,NVIDIA GeForce RTX 4080 SUPER,8192,"[68717740033,68718346241,68718428161,68719230977]","[137438773249,137438822401]",1032193,2,3.2,20,169,94,0,rough,ADPS16 / Core-SVP,"usvp, dual_hybrid; conditional arora-gb (LWE.estimate.rough)",HE Standard-derived ternary classical 128-bit table,True,128,218,218,https://github.com/encryptorion-lab/phantom-fhe/blob/1f4a198443b3af77118e51f53d5b8f332154b875/include/host/hestdparms.h,2d2980ddf7fba0d1fee407999fbb9adf26bf3368,e35f45b7976a90a79c3c6625a45bbc344c1abc67,"host elapsed production execute + resident output retrieval + output result-event wait; inputs and outputs remain GPU-resident; excludes prior-iteration cleanup, output serialization and transfers, input generation, keygen, encrypt, graph validation, decrypt, diagnostics",modswitch,100,7.9004e-05,7.94023e-05,,,test_data/fhe-round-trip/phantom/mxx-phantom-36.json,centered_binomial_21,3.24037034920393,uniform_ternary,test_data/fhe-round-trip/optimization/fused-descriptor/phantom-36-1.json,1f4a198443b3af77118e51f53d5b8f332154b875,4.85565e-05,4.867174e-05,4.464000090956688e-05,4.458399999886751e-05,1.6270530207078353,1.6313840433894495,,,,,,
2026-09-07,mxx,bgv,test_data/fhe-round-trip/bgv/1788764359566743817-2027904.json,30e0e599e586bd7eb5e62dc41bcc8e7e25626726,NVIDIA GeForce RTX 4080 SUPER,8192,"[18014398507892737,18014398508138497,18014398508400641]",[72057594037616641],1032193,1,3.2,20,144,94,0,rough,ADPS16 / Core-SVP,"usvp, dual_hybrid; conditional arora-gb (LWE.estimate.rough)",HE Standard-derived ternary classical 128-bit table,True,128,218,218,https://github.com/encryptorion-lab/phantom-fhe/blob/1f4a198443b3af77118e51f53d5b8f332154b875/include/host/hestdparms.h,2d2980ddf7fba0d1fee407999fbb9adf26bf3368,e35f45b7976a90a79c3c6625a45bbc344c1abc67,"host elapsed production execute + resident output retrieval + output result-event wait; inputs and outputs remain GPU-resident; excludes prior-iteration cleanup, output serialization and transfers, input generation, keygen, encrypt, graph validation, decrypt, diagnostics",multiply,100,6.2999e-05,6.381628e-05,,,test_data/fhe-round-trip/phantom/mxx-phantom-54.json,centered_binomial_21,3.24037034920393,uniform_ternary,test_data/fhe-round-trip/optimization/fused-descriptor/phantom-54-2.json,1f4a198443b3af77118e51f53d5b8f332154b875,1.04445e-05,1.053725e-05,6.144000217318535e-06,6.480000112205744e-06,6.031787064962421,6.056255664428575,,,,,,
2026-09-07,mxx,bgv,test_data/fhe-round-trip/bgv/1788764359566743817-2027904.json,30e0e599e586bd7eb5e62dc41bcc8e7e25626726,NVIDIA GeForce RTX 4080 SUPER,8192,"[18014398507892737,18014398508138497,18014398508400641]",[72057594037616641],1032193,1,3.2,20,144,94,0,rough,ADPS16 / Core-SVP,"usvp, dual_hybrid; conditional arora-gb (LWE.estimate.rough)",HE Standard-derived ternary classical 128-bit table,True,128,218,218,https://github.com/encryptorion-lab/phantom-fhe/blob/1f4a198443b3af77118e51f53d5b8f332154b875/include/host/hestdparms.h,2d2980ddf7fba0d1fee407999fbb9adf26bf3368,e35f45b7976a90a79c3c6625a45bbc344c1abc67,"host elapsed production execute + resident output retrieval + output result-event wait; inputs and outputs remain GPU-resident; excludes prior-iteration cleanup, output serialization and transfers, input generation, keygen, encrypt, graph validation, decrypt, diagnostics",multiply_relinearize,100,0.00020650950000000002,0.00020626075,,,test_data/fhe-round-trip/phantom/mxx-phantom-54.json,centered_binomial_21,3.24037034920393,uniform_ternary,test_data/fhe-round-trip/optimization/fused-descriptor/phantom-54-2.json,1f4a198443b3af77118e51f53d5b8f332154b875,0.0001181585,0.00011845681,0.00011446399986743927,0.00011444896087050438,1.7477329180719121,1.7412316776046899,,,,,,
2026-09-07,mxx,bgv,test_data/fhe-round-trip/bgv/1788764359566743817-2027904.json,30e0e599e586bd7eb5e62dc41bcc8e7e25626726,NVIDIA GeForce RTX 4080 SUPER,8192,"[18014398507892737,18014398508138497,18014398508400641]",[72057594037616641],1032193,1,3.2,20,144,94,0,rough,ADPS16 / Core-SVP,"usvp, dual_hybrid; conditional arora-gb (LWE.estimate.rough)",HE Standard-derived ternary classical 128-bit table,True,128,218,218,https://github.com/encryptorion-lab/phantom-fhe/blob/1f4a198443b3af77118e51f53d5b8f332154b875/include/host/hestdparms.h,2d2980ddf7fba0d1fee407999fbb9adf26bf3368,e35f45b7976a90a79c3c6625a45bbc344c1abc67,"host elapsed production execute + resident output retrieval + output result-event wait; inputs and outputs remain GPU-resident; excludes prior-iteration cleanup, output serialization and transfers, input generation, keygen, encrypt, graph validation, decrypt, diagnostics",multiply_relinearize_modswitch,100,0.000239287,0.00023957064,,,test_data/fhe-round-trip/phantom/mxx-phantom-54.json,centered_binomial_21,3.24037034920393,uniform_ternary,test_data/fhe-round-trip/optimization/fused-descriptor/phantom-54-2.json,1f4a198443b3af77118e51f53d5b8f332154b875,0.0001607935,0.00016100662,0.0001566239967942238,0.0001568758398294449,1.4881633896892597,1.4879552157544826,,,,,,
2026-09-07,mxx,bgv,test_data/fhe-round-trip/bgv/1788764359566743817-2027904.json,30e0e599e586bd7eb5e62dc41bcc8e7e25626726,NVIDIA GeForce RTX 4080 SUPER,8192,"[18014398507892737,18014398508138497,18014398508400641]",[72057594037616641],1032193,1,3.2,20,144,94,0,rough,ADPS16 / Core-SVP,"usvp, dual_hybrid; conditional arora-gb (LWE.estimate.rough)",HE Standard-derived ternary classical 128-bit table,True,128,218,218,https://github.com/encryptorion-lab/phantom-fhe/blob/1f4a198443b3af77118e51f53d5b8f332154b875/include/host/hestdparms.h,2d2980ddf7fba0d1fee407999fbb9adf26bf3368,e35f45b7976a90a79c3c6625a45bbc344c1abc67,"host elapsed production execute + resident output retrieval + output result-event wait; inputs and outputs remain GPU-resident; excludes prior-iteration cleanup, output serialization and transfers, input generation, keygen, encrypt, graph validation, decrypt, diagnostics",relinearize,100,0.000188255,0.00018976439,,,test_data/fhe-round-trip/phantom/mxx-phantom-54.json,centered_binomial_21,3.24037034920393,uniform_ternary,test_data/fhe-round-trip/optimization/fused-descriptor/phantom-54-2.json,1f4a198443b3af77118e51f53d5b8f332154b875,0.000114095,0.00011440111,0.00010956799983978272,0.00011012991935014725,1.6499846619045533,1.658763538220914,,,,,,
2026-09-07,mxx,bgv,test_data/fhe-round-trip/bgv/1788764359566743817-2027904.json,30e0e599e586bd7eb5e62dc41bcc8e7e25626726,NVIDIA GeForce RTX 4080 SUPER,8192,"[18014398507892737,18014398508138497,18014398508400641]",[72057594037616641],1032193,1,3.2,20,144,94,0,rough,ADPS16 / Core-SVP,"usvp, dual_hybrid; conditional arora-gb (LWE.estimate.rough)",HE Standard-derived ternary classical 128-bit table,True,128,218,218,https://github.com/encryptorion-lab/phantom-fhe/blob/1f4a198443b3af77118e51f53d5b8f332154b875/include/host/hestdparms.h,2d2980ddf7fba0d1fee407999fbb9adf26bf3368,e35f45b7976a90a79c3c6625a45bbc344c1abc67,"host elapsed production execute + resident output retrieval + output result-event wait; inputs and outputs remain GPU-resident; excludes prior-iteration cleanup, output serialization and transfers, input generation, keygen, encrypt, graph validation, decrypt, diagnostics",modswitch,100,7.897399999999999e-05,7.8918e-05,,,test_data/fhe-round-trip/phantom/mxx-phantom-54.json,centered_binomial_21,3.24037034920393,uniform_ternary,test_data/fhe-round-trip/optimization/fused-descriptor/phantom-54-2.json,1f4a198443b3af77118e51f53d5b8f332154b875,4.8155499999999997e-05,4.821623e-05,4.403200000524521e-05,4.410207998007536e-05,1.6399788186188493,1.6367517742469704,,,,,,
2026-09-07,mxx,bgv,test_data/fhe-round-trip/bgv/1788764435120914024-2028302.json,30e0e599e586bd7eb5e62dc41bcc8e7e25626726,NVIDIA GeForce RTX 4080 SUPER,8192,"[68717740033,68718346241,68718428161,68719230977]","[137438773249,137438822401]",1032193,2,3.2,20,169,94,0,rough,ADPS16 / Core-SVP,"usvp, dual_hybrid; conditional arora-gb (LWE.estimate.rough)",HE Standard-derived ternary classical 128-bit table,True,128,218,218,https://github.com/encryptorion-lab/phantom-fhe/blob/1f4a198443b3af77118e51f53d5b8f332154b875/include/host/hestdparms.h,2d2980ddf7fba0d1fee407999fbb9adf26bf3368,e35f45b7976a90a79c3c6625a45bbc344c1abc67,"host elapsed production execute + resident output retrieval + output result-event wait; inputs and outputs remain GPU-resident; excludes prior-iteration cleanup, output serialization and transfers, input generation, keygen, encrypt, graph validation, decrypt, diagnostics",multiply,100,5.5509499999999994e-05,5.5881979999999997e-05,,,test_data/fhe-round-trip/phantom/mxx-phantom-36.json,centered_binomial_21,3.24037034920393,uniform_ternary,test_data/fhe-round-trip/optimization/fused-descriptor/phantom-36-2.json,1f4a198443b3af77118e51f53d5b8f332154b875,1.0715e-05,1.077009e-05,6.7839999683201315e-06,6.641920073889196e-06,5.18054129724685,5.188627021686912,,,,,,
2026-09-07,mxx,bgv,test_data/fhe-round-trip/bgv/1788764435120914024-2028302.json,30e0e599e586bd7eb5e62dc41bcc8e7e25626726,NVIDIA GeForce RTX 4080 SUPER,8192,"[68717740033,68718346241,68718428161,68719230977]","[137438773249,137438822401]",1032193,2,3.2,20,169,94,0,rough,ADPS16 / Core-SVP,"usvp, dual_hybrid; conditional arora-gb (LWE.estimate.rough)",HE Standard-derived ternary classical 128-bit table,True,128,218,218,https://github.com/encryptorion-lab/phantom-fhe/blob/1f4a198443b3af77118e51f53d5b8f332154b875/include/host/hestdparms.h,2d2980ddf7fba0d1fee407999fbb9adf26bf3368,e35f45b7976a90a79c3c6625a45bbc344c1abc67,"host elapsed production execute + resident output retrieval + output result-event wait; inputs and outputs remain GPU-resident; excludes prior-iteration cleanup, output serialization and transfers, input generation, keygen, encrypt, graph validation, decrypt, diagnostics",multiply_relinearize,100,0.00020664000000000001,0.00020913078,,,test_data/fhe-round-trip/phantom/mxx-phantom-36.json,centered_binomial_21,3.24037034920393,uniform_ternary,test_data/fhe-round-trip/optimization/fused-descriptor/phantom-36-2.json,1f4a198443b3af77118e51f53d5b8f332154b875,0.000116079,0.00011642325,0.00011161600053310394,0.0001123369600623846,1.780166955263226,1.7962973890524445,,,,,,
2026-09-07,mxx,bgv,test_data/fhe-round-trip/bgv/1788764435120914024-2028302.json,30e0e599e586bd7eb5e62dc41bcc8e7e25626726,NVIDIA GeForce RTX 4080 SUPER,8192,"[68717740033,68718346241,68718428161,68719230977]","[137438773249,137438822401]",1032193,2,3.2,20,169,94,0,rough,ADPS16 / Core-SVP,"usvp, dual_hybrid; conditional arora-gb (LWE.estimate.rough)",HE Standard-derived ternary classical 128-bit table,True,128,218,218,https://github.com/encryptorion-lab/phantom-fhe/blob/1f4a198443b3af77118e51f53d5b8f332154b875/include/host/hestdparms.h,2d2980ddf7fba0d1fee407999fbb9adf26bf3368,e35f45b7976a90a79c3c6625a45bbc344c1abc67,"host elapsed production execute + resident output retrieval + output result-event wait; inputs and outputs remain GPU-resident; excludes prior-iteration cleanup, output serialization and transfers, input generation, keygen, encrypt, graph validation, decrypt, diagnostics",multiply_relinearize_modswitch,100,0.000249932,0.00025064826,,,test_data/fhe-round-trip/phantom/mxx-phantom-36.json,centered_binomial_21,3.24037034920393,uniform_ternary,test_data/fhe-round-trip/optimization/fused-descriptor/phantom-36-2.json,1f4a198443b3af77118e51f53d5b8f332154b875,0.000159251,0.00015942906999999999,0.00015521600097417832,0.0001552777600288391,1.569421856063698,1.5721615888495117,,,,,,
2026-09-07,mxx,bgv,test_data/fhe-round-trip/bgv/1788764435120914024-2028302.json,30e0e599e586bd7eb5e62dc41bcc8e7e25626726,NVIDIA GeForce RTX 4080 SUPER,8192,"[68717740033,68718346241,68718428161,68719230977]","[137438773249,137438822401]",1032193,2,3.2,20,169,94,0,rough,ADPS16 / Core-SVP,"usvp, dual_hybrid; conditional arora-gb (LWE.estimate.rough)",HE Standard-derived ternary classical 128-bit table,True,128,218,218,https://github.com/encryptorion-lab/phantom-fhe/blob/1f4a198443b3af77118e51f53d5b8f332154b875/include/host/hestdparms.h,2d2980ddf7fba0d1fee407999fbb9adf26bf3368,e35f45b7976a90a79c3c6625a45bbc344c1abc67,"host elapsed production execute + resident output retrieval + output result-event wait; inputs and outputs remain GPU-resident; excludes prior-iteration cleanup, output serialization and transfers, input generation, keygen, encrypt, graph validation, decrypt, diagnostics",relinearize,100,0.000195314,0.00019613536,,,test_data/fhe-round-trip/phantom/mxx-phantom-36.json,centered_binomial_21,3.24037034920393,uniform_ternary,test_data/fhe-round-trip/optimization/fused-descriptor/phantom-36-2.json,1f4a198443b3af77118e51f53d5b8f332154b875,0.00011160550000000001,0.00011183472,0.0001074879989027977,0.00010755359902977944,1.7500392005770324,1.7537966742349782,,,,,,
2026-09-07,mxx,bgv,test_data/fhe-round-trip/bgv/1788764435120914024-2028302.json,30e0e599e586bd7eb5e62dc41bcc8e7e25626726,NVIDIA GeForce RTX 4080 SUPER,8192,"[68717740033,68718346241,68718428161,68719230977]","[137438773249,137438822401]",1032193,2,3.2,20,169,94,0,rough,ADPS16 / Core-SVP,"usvp, dual_hybrid; conditional arora-gb (LWE.estimate.rough)",HE Standard-derived ternary classical 128-bit table,True,128,218,218,https://github.com/encryptorion-lab/phantom-fhe/blob/1f4a198443b3af77118e51f53d5b8f332154b875/include/host/hestdparms.h,2d2980ddf7fba0d1fee407999fbb9adf26bf3368,e35f45b7976a90a79c3c6625a45bbc344c1abc67,"host elapsed production execute + resident output retrieval + output result-event wait; inputs and outputs remain GPU-resident; excludes prior-iteration cleanup, output serialization and transfers, input generation, keygen, encrypt, graph validation, decrypt, diagnostics",modswitch,100,8.00965e-05,8.017382e-05,,,test_data/fhe-round-trip/phantom/mxx-phantom-36.json,centered_binomial_21,3.24037034920393,uniform_ternary,test_data/fhe-round-trip/optimization/fused-descriptor/phantom-36-2.json,1f4a198443b3af77118e51f53d5b8f332154b875,4.84915e-05,4.853424e-05,4.403200000524521e-05,4.438655998557806e-05,1.6517637111658743,1.651902244683341,,,,,,
2026-09-07,mxx,bgv,test_data/fhe-round-trip/bgv/1788764511070114174-2028900.json,30e0e599e586bd7eb5e62dc41bcc8e7e25626726,NVIDIA GeForce RTX 4080 SUPER,8192,"[18014398507892737,18014398508138497,18014398508400641]",[72057594037616641],1032193,1,3.2,20,144,94,0,rough,ADPS16 / Core-SVP,"usvp, dual_hybrid; conditional arora-gb (LWE.estimate.rough)",HE Standard-derived ternary classical 128-bit table,True,128,218,218,https://github.com/encryptorion-lab/phantom-fhe/blob/1f4a198443b3af77118e51f53d5b8f332154b875/include/host/hestdparms.h,2d2980ddf7fba0d1fee407999fbb9adf26bf3368,e35f45b7976a90a79c3c6625a45bbc344c1abc67,"host elapsed production execute + resident output retrieval + output result-event wait; inputs and outputs remain GPU-resident; excludes prior-iteration cleanup, output serialization and transfers, input generation, keygen, encrypt, graph validation, decrypt, diagnostics",multiply,100,5.8896e-05,5.966659e-05,,,test_data/fhe-round-trip/phantom/mxx-phantom-54.json,centered_binomial_21,3.24037034920393,uniform_ternary,test_data/fhe-round-trip/optimization/fused-descriptor/phantom-54-3.json,1f4a198443b3af77118e51f53d5b8f332154b875,1.046e-05,1.064082e-05,6.191999884322285e-06,6.590080060996115e-06,5.630592734225622,5.607330074186012,,,,,,
2026-09-07,mxx,bgv,test_data/fhe-round-trip/bgv/1788764511070114174-2028900.json,30e0e599e586bd7eb5e62dc41bcc8e7e25626726,NVIDIA GeForce RTX 4080 SUPER,8192,"[18014398507892737,18014398508138497,18014398508400641]",[72057594037616641],1032193,1,3.2,20,144,94,0,rough,ADPS16 / Core-SVP,"usvp, dual_hybrid; conditional arora-gb (LWE.estimate.rough)",HE Standard-derived ternary classical 128-bit table,True,128,218,218,https://github.com/encryptorion-lab/phantom-fhe/blob/1f4a198443b3af77118e51f53d5b8f332154b875/include/host/hestdparms.h,2d2980ddf7fba0d1fee407999fbb9adf26bf3368,e35f45b7976a90a79c3c6625a45bbc344c1abc67,"host elapsed production execute + resident output retrieval + output result-event wait; inputs and outputs remain GPU-resident; excludes prior-iteration cleanup, output serialization and transfers, input generation, keygen, encrypt, graph validation, decrypt, diagnostics",multiply_relinearize,100,0.000210808,0.00021264221,,,test_data/fhe-round-trip/phantom/mxx-phantom-54.json,centered_binomial_21,3.24037034920393,uniform_ternary,test_data/fhe-round-trip/optimization/fused-descriptor/phantom-54-3.json,1f4a198443b3af77118e51f53d5b8f332154b875,0.000118353,0.00011870121,0.0001144159995019436,0.00011450560070574284,1.7811800292345779,1.791407265351381,,,,,,
2026-09-07,mxx,bgv,test_data/fhe-round-trip/bgv/1788764511070114174-2028900.json,30e0e599e586bd7eb5e62dc41bcc8e7e25626726,NVIDIA GeForce RTX 4080 SUPER,8192,"[18014398507892737,18014398508138497,18014398508400641]",[72057594037616641],1032193,1,3.2,20,144,94,0,rough,ADPS16 / Core-SVP,"usvp, dual_hybrid; conditional arora-gb (LWE.estimate.rough)",HE Standard-derived ternary classical 128-bit table,True,128,218,218,https://github.com/encryptorion-lab/phantom-fhe/blob/1f4a198443b3af77118e51f53d5b8f332154b875/include/host/hestdparms.h,2d2980ddf7fba0d1fee407999fbb9adf26bf3368,e35f45b7976a90a79c3c6625a45bbc344c1abc67,"host elapsed production execute + resident output retrieval + output result-event wait; inputs and outputs remain GPU-resident; excludes prior-iteration cleanup, output serialization and transfers, input generation, keygen, encrypt, graph validation, decrypt, diagnostics",multiply_relinearize_modswitch,100,0.000235018,0.00023590219,,,test_data/fhe-round-trip/phantom/mxx-phantom-54.json,centered_binomial_21,3.24037034920393,uniform_ternary,test_data/fhe-round-trip/optimization/fused-descriptor/phantom-54-3.json,1f4a198443b3af77118e51f53d5b8f332154b875,0.0001606285,0.00016121309,0.00015667200088500976,0.0001570563192665577,1.463115200602633,1.4632942647523226,,,,,,
2026-09-07,mxx,bgv,test_data/fhe-round-trip/bgv/1788764511070114174-2028900.json,30e0e599e586bd7eb5e62dc41bcc8e7e25626726,NVIDIA GeForce RTX 4080 SUPER,8192,"[18014398507892737,18014398508138497,18014398508400641]",[72057594037616641],1032193,1,3.2,20,144,94,0,rough,ADPS16 / Core-SVP,"usvp, dual_hybrid; conditional arora-gb (LWE.estimate.rough)",HE Standard-derived ternary classical 128-bit table,True,128,218,218,https://github.com/encryptorion-lab/phantom-fhe/blob/1f4a198443b3af77118e51f53d5b8f332154b875/include/host/hestdparms.h,2d2980ddf7fba0d1fee407999fbb9adf26bf3368,e35f45b7976a90a79c3c6625a45bbc344c1abc67,"host elapsed production execute + resident output retrieval + output result-event wait; inputs and outputs remain GPU-resident; excludes prior-iteration cleanup, output serialization and transfers, input generation, keygen, encrypt, graph validation, decrypt, diagnostics",relinearize,100,0.00018954250000000002,0.00019036421,,,test_data/fhe-round-trip/phantom/mxx-phantom-54.json,centered_binomial_21,3.24037034920393,uniform_ternary,test_data/fhe-round-trip/optimization/fused-descriptor/phantom-54-3.json,1f4a198443b3af77118e51f53d5b8f332154b875,0.00011406,0.00011433258,0.00010956799983978272,0.00010994911931455136,1.6617788883044013,1.6650040609597019,,,,,,
2026-09-07,mxx,bgv,test_data/fhe-round-trip/bgv/1788764511070114174-2028900.json,30e0e599e586bd7eb5e62dc41bcc8e7e25626726,NVIDIA GeForce RTX 4080 SUPER,8192,"[18014398507892737,18014398508138497,18014398508400641]",[72057594037616641],1032193,1,3.2,20,144,94,0,rough,ADPS16 / Core-SVP,"usvp, dual_hybrid; conditional arora-gb (LWE.estimate.rough)",HE Standard-derived ternary classical 128-bit table,True,128,218,218,https://github.com/encryptorion-lab/phantom-fhe/blob/1f4a198443b3af77118e51f53d5b8f332154b875/include/host/hestdparms.h,2d2980ddf7fba0d1fee407999fbb9adf26bf3368,e35f45b7976a90a79c3c6625a45bbc344c1abc67,"host elapsed production execute + resident output retrieval + output result-event wait; inputs and outputs remain GPU-resident; excludes prior-iteration cleanup, output serialization and transfers, input generation, keygen, encrypt, graph validation, decrypt, diagnostics",modswitch,100,7.7166e-05,7.724888e-05,,,test_data/fhe-round-trip/phantom/mxx-phantom-54.json,centered_binomial_21,3.24037034920393,uniform_ternary,test_data/fhe-round-trip/optimization/fused-descriptor/phantom-54-3.json,1f4a198443b3af77118e51f53d5b8f332154b875,4.8231e-05,4.837162e-05,4.403200000524521e-05,4.416159998625517e-05,1.5999253592088076,1.596987655158128,,,,,,
2026-09-07,mxx,bgv,test_data/fhe-round-trip/bgv/1788764586664069042-2029152.json,30e0e599e586bd7eb5e62dc41bcc8e7e25626726,NVIDIA GeForce RTX 4080 SUPER,8192,"[68717740033,68718346241,68718428161,68719230977]","[137438773249,137438822401]",1032193,2,3.2,20,169,94,0,rough,ADPS16 / Core-SVP,"usvp, dual_hybrid; conditional arora-gb (LWE.estimate.rough)",HE Standard-derived ternary classical 128-bit table,True,128,218,218,https://github.com/encryptorion-lab/phantom-fhe/blob/1f4a198443b3af77118e51f53d5b8f332154b875/include/host/hestdparms.h,2d2980ddf7fba0d1fee407999fbb9adf26bf3368,e35f45b7976a90a79c3c6625a45bbc344c1abc67,"host elapsed production execute + resident output retrieval + output result-event wait; inputs and outputs remain GPU-resident; excludes prior-iteration cleanup, output serialization and transfers, input generation, keygen, encrypt, graph validation, decrypt, diagnostics",multiply,100,5.6912499999999994e-05,5.819294e-05,,,test_data/fhe-round-trip/phantom/mxx-phantom-36.json,centered_binomial_21,3.24037034920393,uniform_ternary,test_data/fhe-round-trip/optimization/fused-descriptor/phantom-36-3.json,1f4a198443b3af77118e51f53d5b8f332154b875,1.0690499999999999e-05,1.070963e-05,6.7520001903176305e-06,6.627200087532401e-06,5.323651840419064,5.433702191392233,,,,,,
2026-09-07,mxx,bgv,test_data/fhe-round-trip/bgv/1788764586664069042-2029152.json,30e0e599e586bd7eb5e62dc41bcc8e7e25626726,NVIDIA GeForce RTX 4080 SUPER,8192,"[68717740033,68718346241,68718428161,68719230977]","[137438773249,137438822401]",1032193,2,3.2,20,169,94,0,rough,ADPS16 / Core-SVP,"usvp, dual_hybrid; conditional arora-gb (LWE.estimate.rough)",HE Standard-derived ternary classical 128-bit table,True,128,218,218,https://github.com/encryptorion-lab/phantom-fhe/blob/1f4a198443b3af77118e51f53d5b8f332154b875/include/host/hestdparms.h,2d2980ddf7fba0d1fee407999fbb9adf26bf3368,e35f45b7976a90a79c3c6625a45bbc344c1abc67,"host elapsed production execute + resident output retrieval + output result-event wait; inputs and outputs remain GPU-resident; excludes prior-iteration cleanup, output serialization and transfers, input generation, keygen, encrypt, graph validation, decrypt, diagnostics",multiply_relinearize,100,0.0002046115,0.00020494995,,,test_data/fhe-round-trip/phantom/mxx-phantom-36.json,centered_binomial_21,3.24037034920393,uniform_ternary,test_data/fhe-round-trip/optimization/fused-descriptor/phantom-36-3.json,1f4a198443b3af77118e51f53d5b8f332154b875,0.000116314,0.00011645369,0.00011236799880862236,0.00011242655999958515,1.759130457210654,1.7599266283447095,,,,,,
2026-09-07,mxx,bgv,test_data/fhe-round-trip/bgv/1788764586664069042-2029152.json,30e0e599e586bd7eb5e62dc41bcc8e7e25626726,NVIDIA GeForce RTX 4080 SUPER,8192,"[68717740033,68718346241,68718428161,68719230977]","[137438773249,137438822401]",1032193,2,3.2,20,169,94,0,rough,ADPS16 / Core-SVP,"usvp, dual_hybrid; conditional arora-gb (LWE.estimate.rough)",HE Standard-derived ternary classical 128-bit table,True,128,218,218,https://github.com/encryptorion-lab/phantom-fhe/blob/1f4a198443b3af77118e51f53d5b8f332154b875/include/host/hestdparms.h,2d2980ddf7fba0d1fee407999fbb9adf26bf3368,e35f45b7976a90a79c3c6625a45bbc344c1abc67,"host elapsed production execute + resident output retrieval + output result-event wait; inputs and outputs remain GPU-resident; excludes prior-iteration cleanup, output serialization and transfers, input generation, keygen, encrypt, graph validation, decrypt, diagnostics",multiply_relinearize_modswitch,100,0.0002428985,0.0002430531,,,test_data/fhe-round-trip/phantom/mxx-phantom-36.json,centered_binomial_21,3.24037034920393,uniform_ternary,test_data/fhe-round-trip/optimization/fused-descriptor/phantom-36-3.json,1f4a198443b3af77118e51f53d5b8f332154b875,0.00015905999999999998,0.0001592364,0.00015462400019168853,0.0001551148806512356,1.5270872626681757,1.5263664589252206,,,,,,
2026-09-07,mxx,bgv,test_data/fhe-round-trip/bgv/1788764586664069042-2029152.json,30e0e599e586bd7eb5e62dc41bcc8e7e25626726,NVIDIA GeForce RTX 4080 SUPER,8192,"[68717740033,68718346241,68718428161,68719230977]","[137438773249,137438822401]",1032193,2,3.2,20,169,94,0,rough,ADPS16 / Core-SVP,"usvp, dual_hybrid; conditional arora-gb (LWE.estimate.rough)",HE Standard-derived ternary classical 128-bit table,True,128,218,218,https://github.com/encryptorion-lab/phantom-fhe/blob/1f4a198443b3af77118e51f53d5b8f332154b875/include/host/hestdparms.h,2d2980ddf7fba0d1fee407999fbb9adf26bf3368,e35f45b7976a90a79c3c6625a45bbc344c1abc67,"host elapsed production execute + resident output retrieval + output result-event wait; inputs and outputs remain GPU-resident; excludes prior-iteration cleanup, output serialization and transfers, input generation, keygen, encrypt, graph validation, decrypt, diagnostics",relinearize,100,0.00019150150000000002,0.00019248213,,,test_data/fhe-round-trip/phantom/mxx-phantom-36.json,centered_binomial_21,3.24037034920393,uniform_ternary,test_data/fhe-round-trip/optimization/fused-descriptor/phantom-36-3.json,1f4a198443b3af77118e51f53d5b8f332154b875,0.0001114655,0.00011186239,0.00010740799829363822,0.00010759103894233703,1.7180338310957204,1.7207046085820266,,,,,,
2026-09-07,mxx,bgv,test_data/fhe-round-trip/bgv/1788764586664069042-2029152.json,30e0e599e586bd7eb5e62dc41bcc8e7e25626726,NVIDIA GeForce RTX 4080 SUPER,8192,"[68717740033,68718346241,68718428161,68719230977]","[137438773249,137438822401]",1032193,2,3.2,20,169,94,0,rough,ADPS16 / Core-SVP,"usvp, dual_hybrid; conditional arora-gb (LWE.estimate.rough)",HE Standard-derived ternary classical 128-bit table,True,128,218,218,https://github.com/encryptorion-lab/phantom-fhe/blob/1f4a198443b3af77118e51f53d5b8f332154b875/include/host/hestdparms.h,2d2980ddf7fba0d1fee407999fbb9adf26bf3368,e35f45b7976a90a79c3c6625a45bbc344c1abc67,"host elapsed production execute + resident output retrieval + output result-event wait; inputs and outputs remain GPU-resident; excludes prior-iteration cleanup, output serialization and transfers, input generation, keygen, encrypt, graph validation, decrypt, diagnostics",modswitch,100,7.8919e-05,8.011514e-05,,,test_data/fhe-round-trip/phantom/mxx-phantom-36.json,centered_binomial_21,3.24037034920393,uniform_ternary,test_data/fhe-round-trip/optimization/fused-descriptor/phantom-36-3.json,1f4a198443b3af77118e51f53d5b8f332154b875,4.85615e-05,4.8619969999999997e-05,4.462400078773499e-05,4.448159996420145e-05,1.6251351379178978,1.6477825881011445,,,,,,
2026-09-07,mxx,ring_gsw,test_data/fhe-round-trip/ring_gsw/1788764588549440253-2029395.json,30e0e599e586bd7eb5e62dc41bcc8e7e25626726,NVIDIA GeForce RTX 4080 SUPER,2048,[1152921504606830593],[],,,339.0,2203,96,,0,rough,ADPS16 / Core-SVP,"usvp, dual_hybrid; conditional arora-gb (LWE.estimate.rough)",HE Standard-derived ternary classical 128-bit table,False,,54,60,https://github.com/encryptorion-lab/phantom-fhe/blob/1f4a198443b3af77118e51f53d5b8f332154b875/include/host/hestdparms.h,2d2980ddf7fba0d1fee407999fbb9adf26bf3368,e35f45b7976a90a79c3c6625a45bbc344c1abc67,"host elapsed production execute + resident output retrieval + output result-event wait; inputs and outputs remain GPU-resident; excludes prior-iteration cleanup, output serialization and transfers, input generation, keygen, encrypt, graph validation, decrypt, diagnostics",external_product,100,0.00013407799999999999,0.00013582634,,,,,,,,,,,,,,,0,0,2884,140737488355326,8,8
2026-09-07,mxx,ring_gsw,test_data/fhe-round-trip/ring_gsw/1788764588549440253-2029395.json,30e0e599e586bd7eb5e62dc41bcc8e7e25626726,NVIDIA GeForce RTX 4080 SUPER,2048,[1152921504606830593],[],,,339.0,2203,96,,0,rough,ADPS16 / Core-SVP,"usvp, dual_hybrid; conditional arora-gb (LWE.estimate.rough)",HE Standard-derived ternary classical 128-bit table,False,,54,60,https://github.com/encryptorion-lab/phantom-fhe/blob/1f4a198443b3af77118e51f53d5b8f332154b875/include/host/hestdparms.h,2d2980ddf7fba0d1fee407999fbb9adf26bf3368,e35f45b7976a90a79c3c6625a45bbc344c1abc67,"host elapsed production execute + resident output retrieval + output result-event wait; inputs and outputs remain GPU-resident; excludes prior-iteration cleanup, output serialization and transfers, input generation, keygen, encrypt, graph validation, decrypt, diagnostics",external_product,100,0.000136578,0.00013827984,,,,,,,,,,,,,,,1,1,340,140737488355326,8,8
2026-09-07,mxx,ring_gsw,test_data/fhe-round-trip/ring_gsw/1788764588549440253-2029395.json,30e0e599e586bd7eb5e62dc41bcc8e7e25626726,NVIDIA GeForce RTX 4080 SUPER,2048,[1152921504606830593],[],,,339.0,2203,96,,0,rough,ADPS16 / Core-SVP,"usvp, dual_hybrid; conditional arora-gb (LWE.estimate.rough)",HE Standard-derived ternary classical 128-bit table,False,,54,60,https://github.com/encryptorion-lab/phantom-fhe/blob/1f4a198443b3af77118e51f53d5b8f332154b875/include/host/hestdparms.h,2d2980ddf7fba0d1fee407999fbb9adf26bf3368,e35f45b7976a90a79c3c6625a45bbc344c1abc67,"host elapsed production execute + resident output retrieval + output result-event wait; inputs and outputs remain GPU-resident; excludes prior-iteration cleanup, output serialization and transfers, input generation, keygen, encrypt, graph validation, decrypt, diagnostics",external_product,100,0.000136112,0.00013779296,,,,,,,,,,,,,,,2,1,4090,140737488355326,8,8
2026-09-07,mxx,ring_gsw,test_data/fhe-round-trip/ring_gsw/1788764590331269841-2029493.json,30e0e599e586bd7eb5e62dc41bcc8e7e25626726,NVIDIA GeForce RTX 4080 SUPER,2048,[1152921504606830593],[],,,339.0,2203,96,,0,rough,ADPS16 / Core-SVP,"usvp, dual_hybrid; conditional arora-gb (LWE.estimate.rough)",HE Standard-derived ternary classical 128-bit table,False,,54,60,https://github.com/encryptorion-lab/phantom-fhe/blob/1f4a198443b3af77118e51f53d5b8f332154b875/include/host/hestdparms.h,2d2980ddf7fba0d1fee407999fbb9adf26bf3368,e35f45b7976a90a79c3c6625a45bbc344c1abc67,"host elapsed production execute + resident output retrieval + output result-event wait; inputs and outputs remain GPU-resident; excludes prior-iteration cleanup, output serialization and transfers, input generation, keygen, encrypt, graph validation, decrypt, diagnostics",external_product,100,0.00013411800000000002,0.00013658477,,,,,,,,,,,,,,,0,0,2992,140737488355326,8,8
2026-09-07,mxx,ring_gsw,test_data/fhe-round-trip/ring_gsw/1788764590331269841-2029493.json,30e0e599e586bd7eb5e62dc41bcc8e7e25626726,NVIDIA GeForce RTX 4080 SUPER,2048,[1152921504606830593],[],,,339.0,2203,96,,0,rough,ADPS16 / Core-SVP,"usvp, dual_hybrid; conditional arora-gb (LWE.estimate.rough)",HE Standard-derived ternary classical 128-bit table,False,,54,60,https://github.com/encryptorion-lab/phantom-fhe/blob/1f4a198443b3af77118e51f53d5b8f332154b875/include/host/hestdparms.h,2d2980ddf7fba0d1fee407999fbb9adf26bf3368,e35f45b7976a90a79c3c6625a45bbc344c1abc67,"host elapsed production execute + resident output retrieval + output result-event wait; inputs and outputs remain GPU-resident; excludes prior-iteration cleanup, output serialization and transfers, input generation, keygen, encrypt, graph validation, decrypt, diagnostics",external_product,100,0.0001338525,0.00013582866,,,,,,,,,,,,,,,1,1,1221,140737488355326,8,8
2026-09-07,mxx,ring_gsw,test_data/fhe-round-trip/ring_gsw/1788764590331269841-2029493.json,30e0e599e586bd7eb5e62dc41bcc8e7e25626726,NVIDIA GeForce RTX 4080 SUPER,2048,[1152921504606830593],[],,,339.0,2203,96,,0,rough,ADPS16 / Core-SVP,"usvp, dual_hybrid; conditional arora-gb (LWE.estimate.rough)",HE Standard-derived ternary classical 128-bit table,False,,54,60,https://github.com/encryptorion-lab/phantom-fhe/blob/1f4a198443b3af77118e51f53d5b8f332154b875/include/host/hestdparms.h,2d2980ddf7fba0d1fee407999fbb9adf26bf3368,e35f45b7976a90a79c3c6625a45bbc344c1abc67,"host elapsed production execute + resident output retrieval + output result-event wait; inputs and outputs remain GPU-resident; excludes prior-iteration cleanup, output serialization and transfers, input generation, keygen, encrypt, graph validation, decrypt, diagnostics",external_product,100,0.00014243399999999999,0.00014498564,,,,,,,,,,,,,,,2,0,2956,140737488355326,8,8
2026-09-07,mxx,ring_gsw,test_data/fhe-round-trip/ring_gsw/1788764592131823524-2029595.json,30e0e599e586bd7eb5e62dc41bcc8e7e25626726,NVIDIA GeForce RTX 4080 SUPER,2048,[1152921504606830593],[],,,339.0,2203,96,,0,rough,ADPS16 / Core-SVP,"usvp, dual_hybrid; conditional arora-gb (LWE.estimate.rough)",HE Standard-derived ternary classical 128-bit table,False,,54,60,https://github.com/encryptorion-lab/phantom-fhe/blob/1f4a198443b3af77118e51f53d5b8f332154b875/include/host/hestdparms.h,2d2980ddf7fba0d1fee407999fbb9adf26bf3368,e35f45b7976a90a79c3c6625a45bbc344c1abc67,"host elapsed production execute + resident output retrieval + output result-event wait; inputs and outputs remain GPU-resident; excludes prior-iteration cleanup, output serialization and transfers, input generation, keygen, encrypt, graph validation, decrypt, diagnostics",external_product,100,0.00013233,0.00013763588,,,,,,,,,,,,,,,0,0,342,140737488355326,8,8
2026-09-07,mxx,ring_gsw,test_data/fhe-round-trip/ring_gsw/1788764592131823524-2029595.json,30e0e599e586bd7eb5e62dc41bcc8e7e25626726,NVIDIA GeForce RTX 4080 SUPER,2048,[1152921504606830593],[],,,339.0,2203,96,,0,rough,ADPS16 / Core-SVP,"usvp, dual_hybrid; conditional arora-gb (LWE.estimate.rough)",HE Standard-derived ternary classical 128-bit table,False,,54,60,https://github.com/encryptorion-lab/phantom-fhe/blob/1f4a198443b3af77118e51f53d5b8f332154b875/include/host/hestdparms.h,2d2980ddf7fba0d1fee407999fbb9adf26bf3368,e35f45b7976a90a79c3c6625a45bbc344c1abc67,"host elapsed production execute + resident output retrieval + output result-event wait; inputs and outputs remain GPU-resident; excludes prior-iteration cleanup, output serialization and transfers, input generation, keygen, encrypt, graph validation, decrypt, diagnostics",external_product,100,0.000136292,0.00013884223,,,,,,,,,,,,,,,1,1,1199,140737488355326,8,8
2026-09-07,mxx,ring_gsw,test_data/fhe-round-trip/ring_gsw/1788764592131823524-2029595.json,30e0e599e586bd7eb5e62dc41bcc8e7e25626726,NVIDIA GeForce RTX 4080 SUPER,2048,[1152921504606830593],[],,,339.0,2203,96,,0,rough,ADPS16 / Core-SVP,"usvp, dual_hybrid; conditional arora-gb (LWE.estimate.rough)",HE Standard-derived ternary classical 128-bit table,False,,54,60,https://github.com/encryptorion-lab/phantom-fhe/blob/1f4a198443b3af77118e51f53d5b8f332154b875/include/host/hestdparms.h,2d2980ddf7fba0d1fee407999fbb9adf26bf3368,e35f45b7976a90a79c3c6625a45bbc344c1abc67,"host elapsed production execute + resident output retrieval + output result-event wait; inputs and outputs remain GPU-resident; excludes prior-iteration cleanup, output serialization and transfers, input generation, keygen, encrypt, graph validation, decrypt, diagnostics",external_product,100,0.00013529550000000002,0.00013757503,,,,,,,,,,,,,,,2,1,2009,140737488355326,8,8
2026-09-07,mxx,bgv,test_data/fhe-round-trip/bgv/1788765615888030172-2047993.json,30e0e599e586bd7eb5e62dc41bcc8e7e25626726,NVIDIA GeForce RTX 4080 SUPER,8192,"[18014398507892737,18014398508138497,18014398508400641]",[72057594037616641],1032193,1,3.2,20,144,94,0,rough,ADPS16 / Core-SVP,"usvp, dual_hybrid; conditional arora-gb (LWE.estimate.rough)",HE Standard-derived ternary classical 128-bit table,True,128,218,218,https://github.com/encryptorion-lab/phantom-fhe/blob/1f4a198443b3af77118e51f53d5b8f332154b875/include/host/hestdparms.h,2d2980ddf7fba0d1fee407999fbb9adf26bf3368,e35f45b7976a90a79c3c6625a45bbc344c1abc67,"host elapsed production execute + resident output retrieval + output result-event wait; inputs and outputs remain GPU-resident; excludes prior-iteration cleanup, output serialization and transfers, input generation, keygen, encrypt, graph validation, decrypt, diagnostics",multiply,100,5.98975e-05,6.226322e-05,,,test_data/fhe-round-trip/phantom/mxx-phantom-54.json,centered_binomial_21,3.24037034920393,uniform_ternary,test_data/fhe-round-trip/optimization/barrett-skip/phantom-54-1.json,1f4a198443b3af77118e51f53d5b8f332154b875,1.0535e-05,1.061325e-05,6.4159999601542954e-06,6.553920079022646e-06,5.685571903179877,5.8665554848891714,,,,,,
2026-09-07,mxx,bgv,test_data/fhe-round-trip/bgv/1788765615888030172-2047993.json,30e0e599e586bd7eb5e62dc41bcc8e7e25626726,NVIDIA GeForce RTX 4080 SUPER,8192,"[18014398507892737,18014398508138497,18014398508400641]",[72057594037616641],1032193,1,3.2,20,144,94,0,rough,ADPS16 / Core-SVP,"usvp, dual_hybrid; conditional arora-gb (LWE.estimate.rough)",HE Standard-derived ternary classical 128-bit table,True,128,218,218,https://github.com/encryptorion-lab/phantom-fhe/blob/1f4a198443b3af77118e51f53d5b8f332154b875/include/host/hestdparms.h,2d2980ddf7fba0d1fee407999fbb9adf26bf3368,e35f45b7976a90a79c3c6625a45bbc344c1abc67,"host elapsed production execute + resident output retrieval + output result-event wait; inputs and outputs remain GPU-resident; excludes prior-iteration cleanup, output serialization and transfers, input generation, keygen, encrypt, graph validation, decrypt, diagnostics",multiply_relinearize,100,0.00021364799999999998,0.00021507021000000001,,,test_data/fhe-round-trip/phantom/mxx-phantom-54.json,centered_binomial_21,3.24037034920393,uniform_ternary,test_data/fhe-round-trip/optimization/barrett-skip/phantom-54-1.json,1f4a198443b3af77118e51f53d5b8f332154b875,0.000118784,0.00011905326,0.00011468800157308579,0.00011503488086163997,1.7986260775862066,1.8065041646066644,,,,,,
2026-09-07,mxx,bgv,test_data/fhe-round-trip/bgv/1788765615888030172-2047993.json,30e0e599e586bd7eb5e62dc41bcc8e7e25626726,NVIDIA GeForce RTX 4080 SUPER,8192,"[18014398507892737,18014398508138497,18014398508400641]",[72057594037616641],1032193,1,3.2,20,144,94,0,rough,ADPS16 / Core-SVP,"usvp, dual_hybrid; conditional arora-gb (LWE.estimate.rough)",HE Standard-derived ternary classical 128-bit table,True,128,218,218,https://github.com/encryptorion-lab/phantom-fhe/blob/1f4a198443b3af77118e51f53d5b8f332154b875/include/host/hestdparms.h,2d2980ddf7fba0d1fee407999fbb9adf26bf3368,e35f45b7976a90a79c3c6625a45bbc344c1abc67,"host elapsed production execute + resident output retrieval + output result-event wait; inputs and outputs remain GPU-resident; excludes prior-iteration cleanup, output serialization and transfers, input generation, keygen, encrypt, graph validation, decrypt, diagnostics",multiply_relinearize_modswitch,100,0.000232469,0.00023279257,,,test_data/fhe-round-trip/phantom/mxx-phantom-54.json,centered_binomial_21,3.24037034920393,uniform_ternary,test_data/fhe-round-trip/optimization/barrett-skip/phantom-54-1.json,1f4a198443b3af77118e51f53d5b8f332154b875,0.000161214,0.00016168022,0.00015667200088500976,0.00015739775970578194,1.4419901497388565,1.4398333327354453,,,,,,
2026-09-07,mxx,bgv,test_data/fhe-round-trip/bgv/1788765615888030172-2047993.json,30e0e599e586bd7eb5e62dc41bcc8e7e25626726,NVIDIA GeForce RTX 4080 SUPER,8192,"[18014398507892737,18014398508138497,18014398508400641]",[72057594037616641],1032193,1,3.2,20,144,94,0,rough,ADPS16 / Core-SVP,"usvp, dual_hybrid; conditional arora-gb (LWE.estimate.rough)",HE Standard-derived ternary classical 128-bit table,True,128,218,218,https://github.com/encryptorion-lab/phantom-fhe/blob/1f4a198443b3af77118e51f53d5b8f332154b875/include/host/hestdparms.h,2d2980ddf7fba0d1fee407999fbb9adf26bf3368,e35f45b7976a90a79c3c6625a45bbc344c1abc67,"host elapsed production execute + resident output retrieval + output result-event wait; inputs and outputs remain GPU-resident; excludes prior-iteration cleanup, output serialization and transfers, input generation, keygen, encrypt, graph validation, decrypt, diagnostics",relinearize,100,0.00018593100000000002,0.00018688355,,,test_data/fhe-round-trip/phantom/mxx-phantom-54.json,centered_binomial_21,3.24037034920393,uniform_ternary,test_data/fhe-round-trip/optimization/barrett-skip/phantom-54-1.json,1f4a198443b3af77118e51f53d5b8f332154b875,0.000114346,0.00011462966,0.00011025599762797355,0.00011030143946409226,1.6260385146835046,1.6303245599786302,,,,,,
2026-09-07,mxx,bgv,test_data/fhe-round-trip/bgv/1788765615888030172-2047993.json,30e0e599e586bd7eb5e62dc41bcc8e7e25626726,NVIDIA GeForce RTX 4080 SUPER,8192,"[18014398507892737,18014398508138497,18014398508400641]",[72057594037616641],1032193,1,3.2,20,144,94,0,rough,ADPS16 / Core-SVP,"usvp, dual_hybrid; conditional arora-gb (LWE.estimate.rough)",HE Standard-derived ternary classical 128-bit table,True,128,218,218,https://github.com/encryptorion-lab/phantom-fhe/blob/1f4a198443b3af77118e51f53d5b8f332154b875/include/host/hestdparms.h,2d2980ddf7fba0d1fee407999fbb9adf26bf3368,e35f45b7976a90a79c3c6625a45bbc344c1abc67,"host elapsed production execute + resident output retrieval + output result-event wait; inputs and outputs remain GPU-resident; excludes prior-iteration cleanup, output serialization and transfers, input generation, keygen, encrypt, graph validation, decrypt, diagnostics",modswitch,100,7.614899999999999e-05,7.639764e-05,,,test_data/fhe-round-trip/phantom/mxx-phantom-54.json,centered_binomial_21,3.24037034920393,uniform_ternary,test_data/fhe-round-trip/optimization/barrett-skip/phantom-54-1.json,1f4a198443b3af77118e51f53d5b8f332154b875,4.8165500000000005e-05,4.832074e-05,4.403200000524521e-05,4.423263996839523e-05,1.5809863906738222,1.5810527736123245,,,,,,
2026-09-07,mxx,bgv,test_data/fhe-round-trip/bgv/1788765691215239003-2048316.json,30e0e599e586bd7eb5e62dc41bcc8e7e25626726,NVIDIA GeForce RTX 4080 SUPER,8192,"[68717740033,68718346241,68718428161,68719230977]","[137438773249,137438822401]",1032193,2,3.2,20,169,94,0,rough,ADPS16 / Core-SVP,"usvp, dual_hybrid; conditional arora-gb (LWE.estimate.rough)",HE Standard-derived ternary classical 128-bit table,True,128,218,218,https://github.com/encryptorion-lab/phantom-fhe/blob/1f4a198443b3af77118e51f53d5b8f332154b875/include/host/hestdparms.h,2d2980ddf7fba0d1fee407999fbb9adf26bf3368,e35f45b7976a90a79c3c6625a45bbc344c1abc67,"host elapsed production execute + resident output retrieval + output result-event wait; inputs and outputs remain GPU-resident; excludes prior-iteration cleanup, output serialization and transfers, input generation, keygen, encrypt, graph validation, decrypt, diagnostics",multiply,100,5.42725e-05,5.464115e-05,,,test_data/fhe-round-trip/phantom/mxx-phantom-36.json,centered_binomial_21,3.24037034920393,uniform_ternary,test_data/fhe-round-trip/optimization/barrett-skip/phantom-36-1.json,1f4a198443b3af77118e51f53d5b8f332154b875,1.0725e-05,1.079639e-05,6.5279998816549774e-06,6.654080101288855e-06,5.060372960372961,5.061057446053727,,,,,,
2026-09-07,mxx,bgv,test_data/fhe-round-trip/bgv/1788765691215239003-2048316.json,30e0e599e586bd7eb5e62dc41bcc8e7e25626726,NVIDIA GeForce RTX 4080 SUPER,8192,"[68717740033,68718346241,68718428161,68719230977]","[137438773249,137438822401]",1032193,2,3.2,20,169,94,0,rough,ADPS16 / Core-SVP,"usvp, dual_hybrid; conditional arora-gb (LWE.estimate.rough)",HE Standard-derived ternary classical 128-bit table,True,128,218,218,https://github.com/encryptorion-lab/phantom-fhe/blob/1f4a198443b3af77118e51f53d5b8f332154b875/include/host/hestdparms.h,2d2980ddf7fba0d1fee407999fbb9adf26bf3368,e35f45b7976a90a79c3c6625a45bbc344c1abc67,"host elapsed production execute + resident output retrieval + output result-event wait; inputs and outputs remain GPU-resident; excludes prior-iteration cleanup, output serialization and transfers, input generation, keygen, encrypt, graph validation, decrypt, diagnostics",multiply_relinearize,100,0.000192874,0.00019470231,,,test_data/fhe-round-trip/phantom/mxx-phantom-36.json,centered_binomial_21,3.24037034920393,uniform_ternary,test_data/fhe-round-trip/optimization/barrett-skip/phantom-36-1.json,1f4a198443b3af77118e51f53d5b8f332154b875,0.000116204,0.00011654403,0.00011230399832129478,0.0001124284802377224,1.659787959106399,1.6706330646022796,,,,,,
2026-09-07,mxx,bgv,test_data/fhe-round-trip/bgv/1788765691215239003-2048316.json,30e0e599e586bd7eb5e62dc41bcc8e7e25626726,NVIDIA GeForce RTX 4080 SUPER,8192,"[68717740033,68718346241,68718428161,68719230977]","[137438773249,137438822401]",1032193,2,3.2,20,169,94,0,rough,ADPS16 / Core-SVP,"usvp, dual_hybrid; conditional arora-gb (LWE.estimate.rough)",HE Standard-derived ternary classical 128-bit table,True,128,218,218,https://github.com/encryptorion-lab/phantom-fhe/blob/1f4a198443b3af77118e51f53d5b8f332154b875/include/host/hestdparms.h,2d2980ddf7fba0d1fee407999fbb9adf26bf3368,e35f45b7976a90a79c3c6625a45bbc344c1abc67,"host elapsed production execute + resident output retrieval + output result-event wait; inputs and outputs remain GPU-resident; excludes prior-iteration cleanup, output serialization and transfers, input generation, keygen, encrypt, graph validation, decrypt, diagnostics",multiply_relinearize_modswitch,100,0.000235023,0.00023483154999999999,,,test_data/fhe-round-trip/phantom/mxx-phantom-36.json,centered_binomial_21,3.24037034920393,uniform_ternary,test_data/fhe-round-trip/optimization/barrett-skip/phantom-36-1.json,1f4a198443b3af77118e51f53d5b8f332154b875,0.00015889000000000002,0.00015914313,0.00015462400019168853,0.00015495392054319383,1.4791553905217445,1.475599669303978,,,,,,
2026-09-07,mxx,bgv,test_data/fhe-round-trip/bgv/1788765691215239003-2048316.json,30e0e599e586bd7eb5e62dc41bcc8e7e25626726,NVIDIA GeForce RTX 4080 SUPER,8192,"[68717740033,68718346241,68718428161,68719230977]","[137438773249,137438822401]",1032193,2,3.2,20,169,94,0,rough,ADPS16 / Core-SVP,"usvp, dual_hybrid; conditional arora-gb (LWE.estimate.rough)",HE Standard-derived ternary classical 128-bit table,True,128,218,218,https://github.com/encryptorion-lab/phantom-fhe/blob/1f4a198443b3af77118e51f53d5b8f332154b875/include/host/hestdparms.h,2d2980ddf7fba0d1fee407999fbb9adf26bf3368,e35f45b7976a90a79c3c6625a45bbc344c1abc67,"host elapsed production execute + resident output retrieval + output result-event wait; inputs and outputs remain GPU-resident; excludes prior-iteration cleanup, output serialization and transfers, input generation, keygen, encrypt, graph validation, decrypt, diagnostics",relinearize,100,0.0001871935,0.00018750938,,,test_data/fhe-round-trip/phantom/mxx-phantom-36.json,centered_binomial_21,3.24037034920393,uniform_ternary,test_data/fhe-round-trip/optimization/barrett-skip/phantom-36-1.json,1f4a198443b3af77118e51f53d5b8f332154b875,0.00011144050000000001,0.00011178041,0.00010743999853730202,0.00010740607880055905,1.6797618460075106,1.6774798016933379,,,,,,
2026-09-07,mxx,bgv,test_data/fhe-round-trip/bgv/1788765691215239003-2048316.json,30e0e599e586bd7eb5e62dc41bcc8e7e25626726,NVIDIA GeForce RTX 4080 SUPER,8192,"[68717740033,68718346241,68718428161,68719230977]","[137438773249,137438822401]",1032193,2,3.2,20,169,94,0,rough,ADPS16 / Core-SVP,"usvp, dual_hybrid; conditional arora-gb (LWE.estimate.rough)",HE Standard-derived ternary classical 128-bit table,True,128,218,218,https://github.com/encryptorion-lab/phantom-fhe/blob/1f4a198443b3af77118e51f53d5b8f332154b875/include/host/hestdparms.h,2d2980ddf7fba0d1fee407999fbb9adf26bf3368,e35f45b7976a90a79c3c6625a45bbc344c1abc67,"host elapsed production execute + resident output retrieval + output result-event wait; inputs and outputs remain GPU-resident; excludes prior-iteration cleanup, output serialization and transfers, input generation, keygen, encrypt, graph validation, decrypt, diagnostics",modswitch,100,7.38495e-05,7.431693e-05,,,test_data/fhe-round-trip/phantom/mxx-phantom-36.json,centered_binomial_21,3.24037034920393,uniform_ternary,test_data/fhe-round-trip/optimization/barrett-skip/phantom-36-1.json,1f4a198443b3af77118e51f53d5b8f332154b875,4.8582e-05,4.863352e-05,4.403200000524521e-05,4.447904001921415e-05,1.5201000370507596,1.528100988783045,,,,,,
2026-09-07,mxx,bgv,test_data/fhe-round-trip/bgv/1788765766271356726-2048781.json,30e0e599e586bd7eb5e62dc41bcc8e7e25626726,NVIDIA GeForce RTX 4080 SUPER,8192,"[18014398507892737,18014398508138497,18014398508400641]",[72057594037616641],1032193,1,3.2,20,144,94,0,rough,ADPS16 / Core-SVP,"usvp, dual_hybrid; conditional arora-gb (LWE.estimate.rough)",HE Standard-derived ternary classical 128-bit table,True,128,218,218,https://github.com/encryptorion-lab/phantom-fhe/blob/1f4a198443b3af77118e51f53d5b8f332154b875/include/host/hestdparms.h,2d2980ddf7fba0d1fee407999fbb9adf26bf3368,e35f45b7976a90a79c3c6625a45bbc344c1abc67,"host elapsed production execute + resident output retrieval + output result-event wait; inputs and outputs remain GPU-resident; excludes prior-iteration cleanup, output serialization and transfers, input generation, keygen, encrypt, graph validation, decrypt, diagnostics",multiply,100,6.10605e-05,6.166001e-05,,,test_data/fhe-round-trip/phantom/mxx-phantom-54.json,centered_binomial_21,3.24037034920393,uniform_ternary,test_data/fhe-round-trip/optimization/barrett-skip/phantom-54-2.json,1f4a198443b3af77118e51f53d5b8f332154b875,1.0469499999999999e-05,1.054018e-05,6.207999773323536e-06,6.463040090166032e-06,5.832226944935289,5.849995920373277,,,,,,
2026-09-07,mxx,bgv,test_data/fhe-round-trip/bgv/1788765766271356726-2048781.json,30e0e599e586bd7eb5e62dc41bcc8e7e25626726,NVIDIA GeForce RTX 4080 SUPER,8192,"[18014398507892737,18014398508138497,18014398508400641]",[72057594037616641],1032193,1,3.2,20,144,94,0,rough,ADPS16 / Core-SVP,"usvp, dual_hybrid; conditional arora-gb (LWE.estimate.rough)",HE Standard-derived ternary classical 128-bit table,True,128,218,218,https://github.com/encryptorion-lab/phantom-fhe/blob/1f4a198443b3af77118e51f53d5b8f332154b875/include/host/hestdparms.h,2d2980ddf7fba0d1fee407999fbb9adf26bf3368,e35f45b7976a90a79c3c6625a45bbc344c1abc67,"host elapsed production execute + resident output retrieval + output result-event wait; inputs and outputs remain GPU-resident; excludes prior-iteration cleanup, output serialization and transfers, input generation, keygen, encrypt, graph validation, decrypt, diagnostics",multiply_relinearize,100,0.000205793,0.00020523214,,,test_data/fhe-round-trip/phantom/mxx-phantom-54.json,centered_binomial_21,3.24037034920393,uniform_ternary,test_data/fhe-round-trip/optimization/barrett-skip/phantom-54-2.json,1f4a198443b3af77118e51f53d5b8f332154b875,0.0001183585,0.00011875321,0.00011443199962377548,0.00011464480087161064,1.7387259892614388,1.728223936009814,,,,,,
2026-09-07,mxx,bgv,test_data/fhe-round-trip/bgv/1788765766271356726-2048781.json,30e0e599e586bd7eb5e62dc41bcc8e7e25626726,NVIDIA GeForce RTX 4080 SUPER,8192,"[18014398507892737,18014398508138497,18014398508400641]",[72057594037616641],1032193,1,3.2,20,144,94,0,rough,ADPS16 / Core-SVP,"usvp, dual_hybrid; conditional arora-gb (LWE.estimate.rough)",HE Standard-derived ternary classical 128-bit table,True,128,218,218,https://github.com/encryptorion-lab/phantom-fhe/blob/1f4a198443b3af77118e51f53d5b8f332154b875/include/host/hestdparms.h,2d2980ddf7fba0d1fee407999fbb9adf26bf3368,e35f45b7976a90a79c3c6625a45bbc344c1abc67,"host elapsed production execute + resident output retrieval + output result-event wait; inputs and outputs remain GPU-resident; excludes prior-iteration cleanup, output serialization and transfers, input generation, keygen, encrypt, graph validation, decrypt, diagnostics",multiply_relinearize_modswitch,100,0.00024040850000000001,0.0002410758,,,test_data/fhe-round-trip/phantom/mxx-phantom-54.json,centered_binomial_21,3.24037034920393,uniform_ternary,test_data/fhe-round-trip/optimization/barrett-skip/phantom-54-2.json,1f4a198443b3af77118e51f53d5b8f332154b875,0.0001607585,0.00016122987,0.00015667200088500976,0.00015699167907238008,1.4954636924330595,1.4952303813183003,,,,,,
2026-09-07,mxx,bgv,test_data/fhe-round-trip/bgv/1788765766271356726-2048781.json,30e0e599e586bd7eb5e62dc41bcc8e7e25626726,NVIDIA GeForce RTX 4080 SUPER,8192,"[18014398507892737,18014398508138497,18014398508400641]",[72057594037616641],1032193,1,3.2,20,144,94,0,rough,ADPS16 / Core-SVP,"usvp, dual_hybrid; conditional arora-gb (LWE.estimate.rough)",HE Standard-derived ternary classical 128-bit table,True,128,218,218,https://github.com/encryptorion-lab/phantom-fhe/blob/1f4a198443b3af77118e51f53d5b8f332154b875/include/host/hestdparms.h,2d2980ddf7fba0d1fee407999fbb9adf26bf3368,e35f45b7976a90a79c3c6625a45bbc344c1abc67,"host elapsed production execute + resident output retrieval + output result-event wait; inputs and outputs remain GPU-resident; excludes prior-iteration cleanup, output serialization and transfers, input generation, keygen, encrypt, graph validation, decrypt, diagnostics",relinearize,100,0.0001930395,0.0001932636,,,test_data/fhe-round-trip/phantom/mxx-phantom-54.json,centered_binomial_21,3.24037034920393,uniform_ternary,test_data/fhe-round-trip/optimization/barrett-skip/phantom-54-2.json,1f4a198443b3af77118e51f53d5b8f332154b875,0.00011406,0.00011440643,0.00010956799983978272,0.00011009279921650887,1.6924381904260914,1.689272185138545,,,,,,
2026-09-07,mxx,bgv,test_data/fhe-round-trip/bgv/1788765766271356726-2048781.json,30e0e599e586bd7eb5e62dc41bcc8e7e25626726,NVIDIA GeForce RTX 4080 SUPER,8192,"[18014398507892737,18014398508138497,18014398508400641]",[72057594037616641],1032193,1,3.2,20,144,94,0,rough,ADPS16 / Core-SVP,"usvp, dual_hybrid; conditional arora-gb (LWE.estimate.rough)",HE Standard-derived ternary classical 128-bit table,True,128,218,218,https://github.com/encryptorion-lab/phantom-fhe/blob/1f4a198443b3af77118e51f53d5b8f332154b875/include/host/hestdparms.h,2d2980ddf7fba0d1fee407999fbb9adf26bf3368,e35f45b7976a90a79c3c6625a45bbc344c1abc67,"host elapsed production execute + resident output retrieval + output result-event wait; inputs and outputs remain GPU-resident; excludes prior-iteration cleanup, output serialization and transfers, input generation, keygen, encrypt, graph validation, decrypt, diagnostics",modswitch,100,7.616400000000001e-05,7.612099e-05,,,test_data/fhe-round-trip/phantom/mxx-phantom-54.json,centered_binomial_21,3.24037034920393,uniform_ternary,test_data/fhe-round-trip/optimization/barrett-skip/phantom-54-2.json,1f4a198443b3af77118e51f53d5b8f332154b875,4.8171e-05,4.827154e-05,4.403200000524521e-05,4.4152639955282214e-05,1.5811172697265994,1.5769331162834248,,,,,,
2026-09-07,mxx,bgv,test_data/fhe-round-trip/bgv/1788765841744263965-2048973.json,30e0e599e586bd7eb5e62dc41bcc8e7e25626726,NVIDIA GeForce RTX 4080 SUPER,8192,"[68717740033,68718346241,68718428161,68719230977]","[137438773249,137438822401]",1032193,2,3.2,20,169,94,0,rough,ADPS16 / Core-SVP,"usvp, dual_hybrid; conditional arora-gb (LWE.estimate.rough)",HE Standard-derived ternary classical 128-bit table,True,128,218,218,https://github.com/encryptorion-lab/phantom-fhe/blob/1f4a198443b3af77118e51f53d5b8f332154b875/include/host/hestdparms.h,2d2980ddf7fba0d1fee407999fbb9adf26bf3368,e35f45b7976a90a79c3c6625a45bbc344c1abc67,"host elapsed production execute + resident output retrieval + output result-event wait; inputs and outputs remain GPU-resident; excludes prior-iteration cleanup, output serialization and transfers, input generation, keygen, encrypt, graph validation, decrypt, diagnostics",multiply,100,6.1857e-05,6.226651e-05,,,test_data/fhe-round-trip/phantom/mxx-phantom-36.json,centered_binomial_21,3.24037034920393,uniform_ternary,test_data/fhe-round-trip/optimization/barrett-skip/phantom-36-2.json,1f4a198443b3af77118e51f53d5b8f332154b875,1.0691e-05,1.077656e-05,6.432000081986189e-06,6.580160055309534e-06,5.785894677766346,5.777957901222654,,,,,,
2026-09-07,mxx,bgv,test_data/fhe-round-trip/bgv/1788765841744263965-2048973.json,30e0e599e586bd7eb5e62dc41bcc8e7e25626726,NVIDIA GeForce RTX 4080 SUPER,8192,"[68717740033,68718346241,68718428161,68719230977]","[137438773249,137438822401]",1032193,2,3.2,20,169,94,0,rough,ADPS16 / Core-SVP,"usvp, dual_hybrid; conditional arora-gb (LWE.estimate.rough)",HE Standard-derived ternary classical 128-bit table,True,128,218,218,https://github.com/encryptorion-lab/phantom-fhe/blob/1f4a198443b3af77118e51f53d5b8f332154b875/include/host/hestdparms.h,2d2980ddf7fba0d1fee407999fbb9adf26bf3368,e35f45b7976a90a79c3c6625a45bbc344c1abc67,"host elapsed production execute + resident output retrieval + output result-event wait; inputs and outputs remain GPU-resident; excludes prior-iteration cleanup, output serialization and transfers, input generation, keygen, encrypt, graph validation, decrypt, diagnostics",multiply_relinearize,100,0.0002104175,0.00021079998,,,test_data/fhe-round-trip/phantom/mxx-phantom-36.json,centered_binomial_21,3.24037034920393,uniform_ternary,test_data/fhe-round-trip/optimization/barrett-skip/phantom-36-2.json,1f4a198443b3af77118e51f53d5b8f332154b875,0.000116139,0.00011649196,0.00011191999912261964,0.00011234815992414951,1.8117729617096756,1.8095667718184156,,,,,,
2026-09-07,mxx,bgv,test_data/fhe-round-trip/bgv/1788765841744263965-2048973.json,30e0e599e586bd7eb5e62dc41bcc8e7e25626726,NVIDIA GeForce RTX 4080 SUPER,8192,"[68717740033,68718346241,68718428161,68719230977]","[137438773249,137438822401]",1032193,2,3.2,20,169,94,0,rough,ADPS16 / Core-SVP,"usvp, dual_hybrid; conditional arora-gb (LWE.estimate.rough)",HE Standard-derived ternary classical 128-bit table,True,128,218,218,https://github.com/encryptorion-lab/phantom-fhe/blob/1f4a198443b3af77118e51f53d5b8f332154b875/include/host/hestdparms.h,2d2980ddf7fba0d1fee407999fbb9adf26bf3368,e35f45b7976a90a79c3c6625a45bbc344c1abc67,"host elapsed production execute + resident output retrieval + output result-event wait; inputs and outputs remain GPU-resident; excludes prior-iteration cleanup, output serialization and transfers, input generation, keygen, encrypt, graph validation, decrypt, diagnostics",multiply_relinearize_modswitch,100,0.0002406445,0.0002406567,,,test_data/fhe-round-trip/phantom/mxx-phantom-36.json,centered_binomial_21,3.24037034920393,uniform_ternary,test_data/fhe-round-trip/optimization/barrett-skip/phantom-36-2.json,1f4a198443b3af77118e51f53d5b8f332154b875,0.00015891,0.0001593854,0.00015462400019168853,0.0001552304008603096,1.514344597570952,1.5099042948726795,,,,,,
2026-09-07,mxx,bgv,test_data/fhe-round-trip/bgv/1788765841744263965-2048973.json,30e0e599e586bd7eb5e62dc41bcc8e7e25626726,NVIDIA GeForce RTX 4080 SUPER,8192,"[68717740033,68718346241,68718428161,68719230977]","[137438773249,137438822401]",1032193,2,3.2,20,169,94,0,rough,ADPS16 / Core-SVP,"usvp, dual_hybrid; conditional arora-gb (LWE.estimate.rough)",HE Standard-derived ternary classical 128-bit table,True,128,218,218,https://github.com/encryptorion-lab/phantom-fhe/blob/1f4a198443b3af77118e51f53d5b8f332154b875/include/host/hestdparms.h,2d2980ddf7fba0d1fee407999fbb9adf26bf3368,e35f45b7976a90a79c3c6625a45bbc344c1abc67,"host elapsed production execute + resident output retrieval + output result-event wait; inputs and outputs remain GPU-resident; excludes prior-iteration cleanup, output serialization and transfers, input generation, keygen, encrypt, graph validation, decrypt, diagnostics",relinearize,100,0.000187263,0.00018671855,,,test_data/fhe-round-trip/phantom/mxx-phantom-36.json,centered_binomial_21,3.24037034920393,uniform_ternary,test_data/fhe-round-trip/optimization/barrett-skip/phantom-36-2.json,1f4a198443b3af77118e51f53d5b8f332154b875,0.0001114055,0.00011172605,0.00010737599804997445,0.00010738495893776417,1.680913419893991,1.6712176793147167,,,,,,
2026-09-07,mxx,bgv,test_data/fhe-round-trip/bgv/1788765841744263965-2048973.json,30e0e599e586bd7eb5e62dc41bcc8e7e25626726,NVIDIA GeForce RTX 4080 SUPER,8192,"[68717740033,68718346241,68718428161,68719230977]","[137438773249,137438822401]",1032193,2,3.2,20,169,94,0,rough,ADPS16 / Core-SVP,"usvp, dual_hybrid; conditional arora-gb (LWE.estimate.rough)",HE Standard-derived ternary classical 128-bit table,True,128,218,218,https://github.com/encryptorion-lab/phantom-fhe/blob/1f4a198443b3af77118e51f53d5b8f332154b875/include/host/hestdparms.h,2d2980ddf7fba0d1fee407999fbb9adf26bf3368,e35f45b7976a90a79c3c6625a45bbc344c1abc67,"host elapsed production execute + resident output retrieval + output result-event wait; inputs and outputs remain GPU-resident; excludes prior-iteration cleanup, output serialization and transfers, input generation, keygen, encrypt, graph validation, decrypt, diagnostics",modswitch,100,7.65145e-05,7.697621e-05,,,test_data/fhe-round-trip/phantom/mxx-phantom-36.json,centered_binomial_21,3.24037034920393,uniform_ternary,test_data/fhe-round-trip/optimization/barrett-skip/phantom-36-2.json,1f4a198443b3af77118e51f53d5b8f332154b875,4.8602e-05,4.85833e-05,4.403200000524521e-05,4.438304003328085e-05,1.574307641660837,1.5844170733564826,,,,,,
2026-09-07,mxx,bgv,test_data/fhe-round-trip/bgv/1788765917374051142-2049171.json,30e0e599e586bd7eb5e62dc41bcc8e7e25626726,NVIDIA GeForce RTX 4080 SUPER,8192,"[18014398507892737,18014398508138497,18014398508400641]",[72057594037616641],1032193,1,3.2,20,144,94,0,rough,ADPS16 / Core-SVP,"usvp, dual_hybrid; conditional arora-gb (LWE.estimate.rough)",HE Standard-derived ternary classical 128-bit table,True,128,218,218,https://github.com/encryptorion-lab/phantom-fhe/blob/1f4a198443b3af77118e51f53d5b8f332154b875/include/host/hestdparms.h,2d2980ddf7fba0d1fee407999fbb9adf26bf3368,e35f45b7976a90a79c3c6625a45bbc344c1abc67,"host elapsed production execute + resident output retrieval + output result-event wait; inputs and outputs remain GPU-resident; excludes prior-iteration cleanup, output serialization and transfers, input generation, keygen, encrypt, graph validation, decrypt, diagnostics",multiply,100,5.7583999999999996e-05,5.821432e-05,,,test_data/fhe-round-trip/phantom/mxx-phantom-54.json,centered_binomial_21,3.24037034920393,uniform_ternary,test_data/fhe-round-trip/optimization/barrett-skip/phantom-54-3.json,1f4a198443b3af77118e51f53d5b8f332154b875,1.04e-05,1.049374e-05,6.144000217318535e-06,6.4134400757029654e-06,5.536923076923077,5.547528335941237,,,,,,
2026-09-07,mxx,bgv,test_data/fhe-round-trip/bgv/1788765917374051142-2049171.json,30e0e599e586bd7eb5e62dc41bcc8e7e25626726,NVIDIA GeForce RTX 4080 SUPER,8192,"[18014398507892737,18014398508138497,18014398508400641]",[72057594037616641],1032193,1,3.2,20,144,94,0,rough,ADPS16 / Core-SVP,"usvp, dual_hybrid; conditional arora-gb (LWE.estimate.rough)",HE Standard-derived ternary classical 128-bit table,True,128,218,218,https://github.com/encryptorion-lab/phantom-fhe/blob/1f4a198443b3af77118e51f53d5b8f332154b875/include/host/hestdparms.h,2d2980ddf7fba0d1fee407999fbb9adf26bf3368,e35f45b7976a90a79c3c6625a45bbc344c1abc67,"host elapsed production execute + resident output retrieval + output result-event wait; inputs and outputs remain GPU-resident; excludes prior-iteration cleanup, output serialization and transfers, input generation, keygen, encrypt, graph validation, decrypt, diagnostics",multiply_relinearize,100,0.0002022665,0.00020340022,,,test_data/fhe-round-trip/phantom/mxx-phantom-54.json,centered_binomial_21,3.24037034920393,uniform_ternary,test_data/fhe-round-trip/optimization/barrett-skip/phantom-54-3.json,1f4a198443b3af77118e51f53d5b8f332154b875,0.000118218,0.00011867633,0.00011459200084209442,0.00011467392079532147,1.7109619516486492,1.7139072298578832,,,,,,
2026-09-07,mxx,bgv,test_data/fhe-round-trip/bgv/1788765917374051142-2049171.json,30e0e599e586bd7eb5e62dc41bcc8e7e25626726,NVIDIA GeForce RTX 4080 SUPER,8192,"[18014398507892737,18014398508138497,18014398508400641]",[72057594037616641],1032193,1,3.2,20,144,94,0,rough,ADPS16 / Core-SVP,"usvp, dual_hybrid; conditional arora-gb (LWE.estimate.rough)",HE Standard-derived ternary classical 128-bit table,True,128,218,218,https://github.com/encryptorion-lab/phantom-fhe/blob/1f4a198443b3af77118e51f53d5b8f332154b875/include/host/hestdparms.h,2d2980ddf7fba0d1fee407999fbb9adf26bf3368,e35f45b7976a90a79c3c6625a45bbc344c1abc67,"host elapsed production execute + resident output retrieval + output result-event wait; inputs and outputs remain GPU-resident; excludes prior-iteration cleanup, output serialization and transfers, input generation, keygen, encrypt, graph validation, decrypt, diagnostics",multiply_relinearize_modswitch,100,0.00022709850000000002,0.00022775901,,,test_data/fhe-round-trip/phantom/mxx-phantom-54.json,centered_binomial_21,3.24037034920393,uniform_ternary,test_data/fhe-round-trip/optimization/barrett-skip/phantom-54-3.json,1f4a198443b3af77118e51f53d5b8f332154b875,0.000160678,0.00016113705,0.00015667200088500976,0.00015692703887820245,1.4133764423256452,1.4134490484962956,,,,,,
2026-09-07,mxx,bgv,test_data/fhe-round-trip/bgv/1788765917374051142-2049171.json,30e0e599e586bd7eb5e62dc41bcc8e7e25626726,NVIDIA GeForce RTX 4080 SUPER,8192,"[18014398507892737,18014398508138497,18014398508400641]",[72057594037616641],1032193,1,3.2,20,144,94,0,rough,ADPS16 / Core-SVP,"usvp, dual_hybrid; conditional arora-gb (LWE.estimate.rough)",HE Standard-derived ternary classical 128-bit table,True,128,218,218,https://github.com/encryptorion-lab/phantom-fhe/blob/1f4a198443b3af77118e51f53d5b8f332154b875/include/host/hestdparms.h,2d2980ddf7fba0d1fee407999fbb9adf26bf3368,e35f45b7976a90a79c3c6625a45bbc344c1abc67,"host elapsed production execute + resident output retrieval + output result-event wait; inputs and outputs remain GPU-resident; excludes prior-iteration cleanup, output serialization and transfers, input generation, keygen, encrypt, graph validation, decrypt, diagnostics",relinearize,100,0.00018750899999999998,0.00018868448,,,test_data/fhe-round-trip/phantom/mxx-phantom-54.json,centered_binomial_21,3.24037034920393,uniform_ternary,test_data/fhe-round-trip/optimization/barrett-skip/phantom-54-3.json,1f4a198443b3af77118e51f53d5b8f332154b875,0.000114191,0.00011454031999999999,0.00010956799983978272,0.00011023359954357147,1.6420646110464046,1.6473193020588734,,,,,,
2026-09-07,mxx,bgv,test_data/fhe-round-trip/bgv/1788765917374051142-2049171.json,30e0e599e586bd7eb5e62dc41bcc8e7e25626726,NVIDIA GeForce RTX 4080 SUPER,8192,"[18014398507892737,18014398508138497,18014398508400641]",[72057594037616641],1032193,1,3.2,20,144,94,0,rough,ADPS16 / Core-SVP,"usvp, dual_hybrid; conditional arora-gb (LWE.estimate.rough)",HE Standard-derived ternary classical 128-bit table,True,128,218,218,https://github.com/encryptorion-lab/phantom-fhe/blob/1f4a198443b3af77118e51f53d5b8f332154b875/include/host/hestdparms.h,2d2980ddf7fba0d1fee407999fbb9adf26bf3368,e35f45b7976a90a79c3c6625a45bbc344c1abc67,"host elapsed production execute + resident output retrieval + output result-event wait; inputs and outputs remain GPU-resident; excludes prior-iteration cleanup, output serialization and transfers, input generation, keygen, encrypt, graph validation, decrypt, diagnostics",modswitch,100,7.769149999999999e-05,7.764932e-05,,,test_data/fhe-round-trip/phantom/mxx-phantom-54.json,centered_binomial_21,3.24037034920393,uniform_ternary,test_data/fhe-round-trip/optimization/barrett-skip/phantom-54-3.json,1f4a198443b3af77118e51f53d5b8f332154b875,4.8095999999999995e-05,4.822263e-05,4.403200000524521e-05,4.4035519920289514e-05,1.6153422322022621,1.6102257384136867,,,,,,
2026-09-07,mxx,bgv,test_data/fhe-round-trip/bgv/1788765992568247916-2050612.json,30e0e599e586bd7eb5e62dc41bcc8e7e25626726,NVIDIA GeForce RTX 4080 SUPER,8192,"[68717740033,68718346241,68718428161,68719230977]","[137438773249,137438822401]",1032193,2,3.2,20,169,94,0,rough,ADPS16 / Core-SVP,"usvp, dual_hybrid; conditional arora-gb (LWE.estimate.rough)",HE Standard-derived ternary classical 128-bit table,True,128,218,218,https://github.com/encryptorion-lab/phantom-fhe/blob/1f4a198443b3af77118e51f53d5b8f332154b875/include/host/hestdparms.h,2d2980ddf7fba0d1fee407999fbb9adf26bf3368,e35f45b7976a90a79c3c6625a45bbc344c1abc67,"host elapsed production execute + resident output retrieval + output result-event wait; inputs and outputs remain GPU-resident; excludes prior-iteration cleanup, output serialization and transfers, input generation, keygen, encrypt, graph validation, decrypt, diagnostics",multiply,100,5.6096e-05,5.683048e-05,,,test_data/fhe-round-trip/phantom/mxx-phantom-36.json,centered_binomial_21,3.24037034920393,uniform_ternary,test_data/fhe-round-trip/optimization/barrett-skip/phantom-36-3.json,1f4a198443b3af77118e51f53d5b8f332154b875,1.0645e-05,1.072711e-05,6.144000217318535e-06,6.507200114428997e-06,5.269704086425552,5.297836975662597,,,,,,
2026-09-07,mxx,bgv,test_data/fhe-round-trip/bgv/1788765992568247916-2050612.json,30e0e599e586bd7eb5e62dc41bcc8e7e25626726,NVIDIA GeForce RTX 4080 SUPER,8192,"[68717740033,68718346241,68718428161,68719230977]","[137438773249,137438822401]",1032193,2,3.2,20,169,94,0,rough,ADPS16 / Core-SVP,"usvp, dual_hybrid; conditional arora-gb (LWE.estimate.rough)",HE Standard-derived ternary classical 128-bit table,True,128,218,218,https://github.com/encryptorion-lab/phantom-fhe/blob/1f4a198443b3af77118e51f53d5b8f332154b875/include/host/hestdparms.h,2d2980ddf7fba0d1fee407999fbb9adf26bf3368,e35f45b7976a90a79c3c6625a45bbc344c1abc67,"host elapsed production execute + resident output retrieval + output result-event wait; inputs and outputs remain GPU-resident; excludes prior-iteration cleanup, output serialization and transfers, input generation, keygen, encrypt, graph validation, decrypt, diagnostics",multiply_relinearize,100,0.0002101815,0.00021081586,,,test_data/fhe-round-trip/phantom/mxx-phantom-36.json,centered_binomial_21,3.24037034920393,uniform_ternary,test_data/fhe-round-trip/optimization/barrett-skip/phantom-36-3.json,1f4a198443b3af77118e51f53d5b8f332154b875,0.000116104,0.00011642443,0.00011220799759030343,0.00011227904014289378,1.8102864673051746,1.81075277757426,,,,,,
2026-09-07,mxx,bgv,test_data/fhe-round-trip/bgv/1788765992568247916-2050612.json,30e0e599e586bd7eb5e62dc41bcc8e7e25626726,NVIDIA GeForce RTX 4080 SUPER,8192,"[68717740033,68718346241,68718428161,68719230977]","[137438773249,137438822401]",1032193,2,3.2,20,169,94,0,rough,ADPS16 / Core-SVP,"usvp, dual_hybrid; conditional arora-gb (LWE.estimate.rough)",HE Standard-derived ternary classical 128-bit table,True,128,218,218,https://github.com/encryptorion-lab/phantom-fhe/blob/1f4a198443b3af77118e51f53d5b8f332154b875/include/host/hestdparms.h,2d2980ddf7fba0d1fee407999fbb9adf26bf3368,e35f45b7976a90a79c3c6625a45bbc344c1abc67,"host elapsed production execute + resident output retrieval + output result-event wait; inputs and outputs remain GPU-resident; excludes prior-iteration cleanup, output serialization and transfers, input generation, keygen, encrypt, graph validation, decrypt, diagnostics",multiply_relinearize_modswitch,100,0.0002422875,0.00024238355,,,test_data/fhe-round-trip/phantom/mxx-phantom-36.json,centered_binomial_21,3.24037034920393,uniform_ternary,test_data/fhe-round-trip/optimization/barrett-skip/phantom-36-3.json,1f4a198443b3af77118e51f53d5b8f332154b875,0.0001590705,0.00015930751,0.00015462400019168853,0.00015506368100643157,1.5231453977953173,1.5214822578044187,,,,,,
2026-09-07,mxx,bgv,test_data/fhe-round-trip/bgv/1788765992568247916-2050612.json,30e0e599e586bd7eb5e62dc41bcc8e7e25626726,NVIDIA GeForce RTX 4080 SUPER,8192,"[68717740033,68718346241,68718428161,68719230977]","[137438773249,137438822401]",1032193,2,3.2,20,169,94,0,rough,ADPS16 / Core-SVP,"usvp, dual_hybrid; conditional arora-gb (LWE.estimate.rough)",HE Standard-derived ternary classical 128-bit table,True,128,218,218,https://github.com/encryptorion-lab/phantom-fhe/blob/1f4a198443b3af77118e51f53d5b8f332154b875/include/host/hestdparms.h,2d2980ddf7fba0d1fee407999fbb9adf26bf3368,e35f45b7976a90a79c3c6625a45bbc344c1abc67,"host elapsed production execute + resident output retrieval + output result-event wait; inputs and outputs remain GPU-resident; excludes prior-iteration cleanup, output serialization and transfers, input generation, keygen, encrypt, graph validation, decrypt, diagnostics",relinearize,100,0.00019031400000000002,0.00019118934999999999,,,test_data/fhe-round-trip/phantom/mxx-phantom-36.json,centered_binomial_21,3.24037034920393,uniform_ternary,test_data/fhe-round-trip/optimization/barrett-skip/phantom-36-3.json,1f4a198443b3af77118e51f53d5b8f332154b875,0.000111576,0.00011183093,0.0001074879989027977,0.00010752799890935422,1.7056893955689396,1.7096285437311483,,,,,,
2026-09-07,mxx,bgv,test_data/fhe-round-trip/bgv/1788765992568247916-2050612.json,30e0e599e586bd7eb5e62dc41bcc8e7e25626726,NVIDIA GeForce RTX 4080 SUPER,8192,"[68717740033,68718346241,68718428161,68719230977]","[137438773249,137438822401]",1032193,2,3.2,20,169,94,0,rough,ADPS16 / Core-SVP,"usvp, dual_hybrid; conditional arora-gb (LWE.estimate.rough)",HE Standard-derived ternary classical 128-bit table,True,128,218,218,https://github.com/encryptorion-lab/phantom-fhe/blob/1f4a198443b3af77118e51f53d5b8f332154b875/include/host/hestdparms.h,2d2980ddf7fba0d1fee407999fbb9adf26bf3368,e35f45b7976a90a79c3c6625a45bbc344c1abc67,"host elapsed production execute + resident output retrieval + output result-event wait; inputs and outputs remain GPU-resident; excludes prior-iteration cleanup, output serialization and transfers, input generation, keygen, encrypt, graph validation, decrypt, diagnostics",modswitch,100,7.7256e-05,7.782805e-05,,,test_data/fhe-round-trip/phantom/mxx-phantom-36.json,centered_binomial_21,3.24037034920393,uniform_ternary,test_data/fhe-round-trip/optimization/barrett-skip/phantom-36-3.json,1f4a198443b3af77118e51f53d5b8f332154b875,4.8501499999999996e-05,4.85785e-05,4.403200000524521e-05,4.436927992850542e-05,1.5928579528468192,1.6021089576664573,,,,,,
2026-09-07,mxx,ring_gsw,test_data/fhe-round-trip/ring_gsw/1788765994435824432-2051044.json,30e0e599e586bd7eb5e62dc41bcc8e7e25626726,NVIDIA GeForce RTX 4080 SUPER,2048,[1152921504606830593],[],,,339.0,2203,96,,0,rough,ADPS16 / Core-SVP,"usvp, dual_hybrid; conditional arora-gb (LWE.estimate.rough)",HE Standard-derived ternary classical 128-bit table,False,,54,60,https://github.com/encryptorion-lab/phantom-fhe/blob/1f4a198443b3af77118e51f53d5b8f332154b875/include/host/hestdparms.h,2d2980ddf7fba0d1fee407999fbb9adf26bf3368,e35f45b7976a90a79c3c6625a45bbc344c1abc67,"host elapsed production execute + resident output retrieval + output result-event wait; inputs and outputs remain GPU-resident; excludes prior-iteration cleanup, output serialization and transfers, input generation, keygen, encrypt, graph validation, decrypt, diagnostics",external_product,100,0.0001312525,0.00013342849,,,,,,,,,,,,,,,0,0,2404,140737488355326,8,8
2026-09-07,mxx,ring_gsw,test_data/fhe-round-trip/ring_gsw/1788765994435824432-2051044.json,30e0e599e586bd7eb5e62dc41bcc8e7e25626726,NVIDIA GeForce RTX 4080 SUPER,2048,[1152921504606830593],[],,,339.0,2203,96,,0,rough,ADPS16 / Core-SVP,"usvp, dual_hybrid; conditional arora-gb (LWE.estimate.rough)",HE Standard-derived ternary classical 128-bit table,False,,54,60,https://github.com/encryptorion-lab/phantom-fhe/blob/1f4a198443b3af77118e51f53d5b8f332154b875/include/host/hestdparms.h,2d2980ddf7fba0d1fee407999fbb9adf26bf3368,e35f45b7976a90a79c3c6625a45bbc344c1abc67,"host elapsed production execute + resident output retrieval + output result-event wait; inputs and outputs remain GPU-resident; excludes prior-iteration cleanup, output serialization and transfers, input generation, keygen, encrypt, graph validation, decrypt, diagnostics",external_product,100,0.00013651800000000002,0.00013902249,,,,,,,,,,,,,,,1,1,3200,140737488355326,8,8
2026-09-07,mxx,ring_gsw,test_data/fhe-round-trip/ring_gsw/1788765994435824432-2051044.json,30e0e599e586bd7eb5e62dc41bcc8e7e25626726,NVIDIA GeForce RTX 4080 SUPER,2048,[1152921504606830593],[],,,339.0,2203,96,,0,rough,ADPS16 / Core-SVP,"usvp, dual_hybrid; conditional arora-gb (LWE.estimate.rough)",HE Standard-derived ternary classical 128-bit table,False,,54,60,https://github.com/encryptorion-lab/phantom-fhe/blob/1f4a198443b3af77118e51f53d5b8f332154b875/include/host/hestdparms.h,2d2980ddf7fba0d1fee407999fbb9adf26bf3368,e35f45b7976a90a79c3c6625a45bbc344c1abc67,"host elapsed production execute + resident output retrieval + output result-event wait; inputs and outputs remain GPU-resident; excludes prior-iteration cleanup, output serialization and transfers, input generation, keygen, encrypt, graph validation, decrypt, diagnostics",external_product,100,0.000136117,0.00013797385,,,,,,,,,,,,,,,2,1,995,140737488355326,8,8
2026-09-07,mxx,ring_gsw,test_data/fhe-round-trip/ring_gsw/1788765996240413433-2051142.json,30e0e599e586bd7eb5e62dc41bcc8e7e25626726,NVIDIA GeForce RTX 4080 SUPER,2048,[1152921504606830593],[],,,339.0,2203,96,,0,rough,ADPS16 / Core-SVP,"usvp, dual_hybrid; conditional arora-gb (LWE.estimate.rough)",HE Standard-derived ternary classical 128-bit table,False,,54,60,https://github.com/encryptorion-lab/phantom-fhe/blob/1f4a198443b3af77118e51f53d5b8f332154b875/include/host/hestdparms.h,2d2980ddf7fba0d1fee407999fbb9adf26bf3368,e35f45b7976a90a79c3c6625a45bbc344c1abc67,"host elapsed production execute + resident output retrieval + output result-event wait; inputs and outputs remain GPU-resident; excludes prior-iteration cleanup, output serialization and transfers, input generation, keygen, encrypt, graph validation, decrypt, diagnostics",external_product,100,0.0001324695,0.0001345235,,,,,,,,,,,,,,,0,0,2407,140737488355326,8,8
2026-09-07,mxx,ring_gsw,test_data/fhe-round-trip/ring_gsw/1788765996240413433-2051142.json,30e0e599e586bd7eb5e62dc41bcc8e7e25626726,NVIDIA GeForce RTX 4080 SUPER,2048,[1152921504606830593],[],,,339.0,2203,96,,0,rough,ADPS16 / Core-SVP,"usvp, dual_hybrid; conditional arora-gb (LWE.estimate.rough)",HE Standard-derived ternary classical 128-bit table,False,,54,60,https://github.com/encryptorion-lab/phantom-fhe/blob/1f4a198443b3af77118e51f53d5b8f332154b875/include/host/hestdparms.h,2d2980ddf7fba0d1fee407999fbb9adf26bf3368,e35f45b7976a90a79c3c6625a45bbc344c1abc67,"host elapsed production execute + resident output retrieval + output result-event wait; inputs and outputs remain GPU-resident; excludes prior-iteration cleanup, output serialization and transfers, input generation, keygen, encrypt, graph validation, decrypt, diagnostics",external_product,100,0.000135721,0.0001377005,,,,,,,,,,,,,,,1,1,820,140737488355326,8,8
2026-09-07,mxx,ring_gsw,test_data/fhe-round-trip/ring_gsw/1788765996240413433-2051142.json,30e0e599e586bd7eb5e62dc41bcc8e7e25626726,NVIDIA GeForce RTX 4080 SUPER,2048,[1152921504606830593],[],,,339.0,2203,96,,0,rough,ADPS16 / Core-SVP,"usvp, dual_hybrid; conditional arora-gb (LWE.estimate.rough)",HE Standard-derived ternary classical 128-bit table,False,,54,60,https://github.com/encryptorion-lab/phantom-fhe/blob/1f4a198443b3af77118e51f53d5b8f332154b875/include/host/hestdparms.h,2d2980ddf7fba0d1fee407999fbb9adf26bf3368,e35f45b7976a90a79c3c6625a45bbc344c1abc67,"host elapsed production execute + resident output retrieval + output result-event wait; inputs and outputs remain GPU-resident; excludes prior-iteration cleanup, output serialization and transfers, input generation, keygen, encrypt, graph validation, decrypt, diagnostics",external_product,100,0.000136668,0.00013874703,,,,,,,,,,,,,,,2,1,1677,140737488355326,8,8
2026-09-07,mxx,ring_gsw,test_data/fhe-round-trip/ring_gsw/1788765998040631086-2051239.json,30e0e599e586bd7eb5e62dc41bcc8e7e25626726,NVIDIA GeForce RTX 4080 SUPER,2048,[1152921504606830593],[],,,339.0,2203,96,,0,rough,ADPS16 / Core-SVP,"usvp, dual_hybrid; conditional arora-gb (LWE.estimate.rough)",HE Standard-derived ternary classical 128-bit table,False,,54,60,https://github.com/encryptorion-lab/phantom-fhe/blob/1f4a198443b3af77118e51f53d5b8f332154b875/include/host/hestdparms.h,2d2980ddf7fba0d1fee407999fbb9adf26bf3368,e35f45b7976a90a79c3c6625a45bbc344c1abc67,"host elapsed production execute + resident output retrieval + output result-event wait; inputs and outputs remain GPU-resident; excludes prior-iteration cleanup, output serialization and transfers, input generation, keygen, encrypt, graph validation, decrypt, diagnostics",external_product,100,0.00013375300000000002,0.00013586146,,,,,,,,,,,,,,,0,0,3932,140737488355326,8,8
2026-09-07,mxx,ring_gsw,test_data/fhe-round-trip/ring_gsw/1788765998040631086-2051239.json,30e0e599e586bd7eb5e62dc41bcc8e7e25626726,NVIDIA GeForce RTX 4080 SUPER,2048,[1152921504606830593],[],,,339.0,2203,96,,0,rough,ADPS16 / Core-SVP,"usvp, dual_hybrid; conditional arora-gb (LWE.estimate.rough)",HE Standard-derived ternary classical 128-bit table,False,,54,60,https://github.com/encryptorion-lab/phantom-fhe/blob/1f4a198443b3af77118e51f53d5b8f332154b875/include/host/hestdparms.h,2d2980ddf7fba0d1fee407999fbb9adf26bf3368,e35f45b7976a90a79c3c6625a45bbc344c1abc67,"host elapsed production execute + resident output retrieval + output result-event wait; inputs and outputs remain GPU-resident; excludes prior-iteration cleanup, output serialization and transfers, input generation, keygen, encrypt, graph validation, decrypt, diagnostics",external_product,100,0.00013751950000000002,0.00014007074,,,,,,,,,,,,,,,1,1,601,140737488355326,8,8
2026-09-07,mxx,ring_gsw,test_data/fhe-round-trip/ring_gsw/1788765998040631086-2051239.json,30e0e599e586bd7eb5e62dc41bcc8e7e25626726,NVIDIA GeForce RTX 4080 SUPER,2048,[1152921504606830593],[],,,339.0,2203,96,,0,rough,ADPS16 / Core-SVP,"usvp, dual_hybrid; conditional arora-gb (LWE.estimate.rough)",HE Standard-derived ternary classical 128-bit table,False,,54,60,https://github.com/encryptorion-lab/phantom-fhe/blob/1f4a198443b3af77118e51f53d5b8f332154b875/include/host/hestdparms.h,2d2980ddf7fba0d1fee407999fbb9adf26bf3368,e35f45b7976a90a79c3c6625a45bbc344c1abc67,"host elapsed production execute + resident output retrieval + output result-event wait; inputs and outputs remain GPU-resident; excludes prior-iteration cleanup, output serialization and transfers, input generation, keygen, encrypt, graph validation, decrypt, diagnostics",external_product,100,0.00013911799999999998,0.00014136764,,,,,,,,,,,,,,,2,0,1338,140737488355326,8,8
2026-09-07,mxx,bgv,test_data/fhe-round-trip/bgv/1788763207157393455-2013094.json,30e0e599e586bd7eb5e62dc41bcc8e7e25626726,NVIDIA GeForce RTX 4080 SUPER,8192,"[18014398507892737,18014398508138497,18014398508400641]",[72057594037616641],1032193,1,3.2,20,144,94,0,rough,ADPS16 / Core-SVP,"usvp, dual_hybrid; conditional arora-gb (LWE.estimate.rough)",HE Standard-derived ternary classical 128-bit table,True,128,218,218,https://github.com/encryptorion-lab/phantom-fhe/blob/1f4a198443b3af77118e51f53d5b8f332154b875/include/host/hestdparms.h,2d2980ddf7fba0d1fee407999fbb9adf26bf3368,e35f45b7976a90a79c3c6625a45bbc344c1abc67,"host elapsed production execute + resident output retrieval + output result-event wait; inputs and outputs remain GPU-resident; excludes prior-iteration cleanup, output serialization and transfers, input generation, keygen, encrypt, graph validation, decrypt, diagnostics",multiply,100,6.2598e-05,6.295829e-05,,,test_data/fhe-round-trip/phantom/mxx-phantom-54.json,centered_binomial_21,3.24037034920393,uniform_ternary,test_data/fhe-round-trip/optimization/standalone-shared-event/phantom-54-1.json,1f4a198443b3af77118e51f53d5b8f332154b875,1.051e-05,1.057776e-05,6.160000106319785e-06,6.515200110152364e-06,5.95604186489058,5.951949183948209,,,,,,
2026-09-07,mxx,bgv,test_data/fhe-round-trip/bgv/1788763207157393455-2013094.json,30e0e599e586bd7eb5e62dc41bcc8e7e25626726,NVIDIA GeForce RTX 4080 SUPER,8192,"[18014398507892737,18014398508138497,18014398508400641]",[72057594037616641],1032193,1,3.2,20,144,94,0,rough,ADPS16 / Core-SVP,"usvp, dual_hybrid; conditional arora-gb (LWE.estimate.rough)",HE Standard-derived ternary classical 128-bit table,True,128,218,218,https://github.com/encryptorion-lab/phantom-fhe/blob/1f4a198443b3af77118e51f53d5b8f332154b875/include/host/hestdparms.h,2d2980ddf7fba0d1fee407999fbb9adf26bf3368,e35f45b7976a90a79c3c6625a45bbc344c1abc67,"host elapsed production execute + resident output retrieval + output result-event wait; inputs and outputs remain GPU-resident; excludes prior-iteration cleanup, output serialization and transfers, input generation, keygen, encrypt, graph validation, decrypt, diagnostics",multiply_relinearize,100,0.00020679999999999999,0.00020871,,,test_data/fhe-round-trip/phantom/mxx-phantom-54.json,centered_binomial_21,3.24037034920393,uniform_ternary,test_data/fhe-round-trip/optimization/standalone-shared-event/phantom-54-1.json,1f4a198443b3af77118e51f53d5b8f332154b875,0.000118283,0.00011877031,0.00011443199962377548,0.00011457888089120388,1.7483492978703616,1.757257348237956,,,,,,
2026-09-07,mxx,bgv,test_data/fhe-round-trip/bgv/1788763207157393455-2013094.json,30e0e599e586bd7eb5e62dc41bcc8e7e25626726,NVIDIA GeForce RTX 4080 SUPER,8192,"[18014398507892737,18014398508138497,18014398508400641]",[72057594037616641],1032193,1,3.2,20,144,94,0,rough,ADPS16 / Core-SVP,"usvp, dual_hybrid; conditional arora-gb (LWE.estimate.rough)",HE Standard-derived ternary classical 128-bit table,True,128,218,218,https://github.com/encryptorion-lab/phantom-fhe/blob/1f4a198443b3af77118e51f53d5b8f332154b875/include/host/hestdparms.h,2d2980ddf7fba0d1fee407999fbb9adf26bf3368,e35f45b7976a90a79c3c6625a45bbc344c1abc67,"host elapsed production execute + resident output retrieval + output result-event wait; inputs and outputs remain GPU-resident; excludes prior-iteration cleanup, output serialization and transfers, input generation, keygen, encrypt, graph validation, decrypt, diagnostics",multiply_relinearize_modswitch,100,0.00022787,0.00022836972,,,test_data/fhe-round-trip/phantom/mxx-phantom-54.json,centered_binomial_21,3.24037034920393,uniform_ternary,test_data/fhe-round-trip/optimization/standalone-shared-event/phantom-54-1.json,1f4a198443b3af77118e51f53d5b8f332154b875,0.000160783,0.0001611617,0.00015667200088500976,0.00015701503947377206,1.4172518238868537,1.4170222825894738,,,,,,
2026-09-07,mxx,bgv,test_data/fhe-round-trip/bgv/1788763207157393455-2013094.json,30e0e599e586bd7eb5e62dc41bcc8e7e25626726,NVIDIA GeForce RTX 4080 SUPER,8192,"[18014398507892737,18014398508138497,18014398508400641]",[72057594037616641],1032193,1,3.2,20,144,94,0,rough,ADPS16 / Core-SVP,"usvp, dual_hybrid; conditional arora-gb (LWE.estimate.rough)",HE Standard-derived ternary classical 128-bit table,True,128,218,218,https://github.com/encryptorion-lab/phantom-fhe/blob/1f4a198443b3af77118e51f53d5b8f332154b875/include/host/hestdparms.h,2d2980ddf7fba0d1fee407999fbb9adf26bf3368,e35f45b7976a90a79c3c6625a45bbc344c1abc67,"host elapsed production execute + resident output retrieval + output result-event wait; inputs and outputs remain GPU-resident; excludes prior-iteration cleanup, output serialization and transfers, input generation, keygen, encrypt, graph validation, decrypt, diagnostics",relinearize,100,0.000186808,0.0001873803,,,test_data/fhe-round-trip/phantom/mxx-phantom-54.json,centered_binomial_21,3.24037034920393,uniform_ternary,test_data/fhe-round-trip/optimization/standalone-shared-event/phantom-54-1.json,1f4a198443b3af77118e51f53d5b8f332154b875,0.0001140805,0.0001142491,0.00010956799983978272,0.00010992543928325177,1.6375103545303535,1.6401030730220194,,,,,,
2026-09-07,mxx,bgv,test_data/fhe-round-trip/bgv/1788763207157393455-2013094.json,30e0e599e586bd7eb5e62dc41bcc8e7e25626726,NVIDIA GeForce RTX 4080 SUPER,8192,"[18014398507892737,18014398508138497,18014398508400641]",[72057594037616641],1032193,1,3.2,20,144,94,0,rough,ADPS16 / Core-SVP,"usvp, dual_hybrid; conditional arora-gb (LWE.estimate.rough)",HE Standard-derived ternary classical 128-bit table,True,128,218,218,https://github.com/encryptorion-lab/phantom-fhe/blob/1f4a198443b3af77118e51f53d5b8f332154b875/include/host/hestdparms.h,2d2980ddf7fba0d1fee407999fbb9adf26bf3368,e35f45b7976a90a79c3c6625a45bbc344c1abc67,"host elapsed production execute + resident output retrieval + output result-event wait; inputs and outputs remain GPU-resident; excludes prior-iteration cleanup, output serialization and transfers, input generation, keygen, encrypt, graph validation, decrypt, diagnostics",modswitch,100,7.31335e-05,7.367864e-05,,,test_data/fhe-round-trip/phantom/mxx-phantom-54.json,centered_binomial_21,3.24037034920393,uniform_ternary,test_data/fhe-round-trip/optimization/standalone-shared-event/phantom-54-1.json,1f4a198443b3af77118e51f53d5b8f332154b875,4.8201e-05,4.829706e-05,4.403200000524521e-05,4.426688008010387e-05,1.5172610526752557,1.525530539540088,,,,,,
2026-09-07,mxx,bgv,test_data/fhe-round-trip/bgv/1788763283536023120-2013503.json,30e0e599e586bd7eb5e62dc41bcc8e7e25626726,NVIDIA GeForce RTX 4080 SUPER,8192,"[68717740033,68718346241,68718428161,68719230977]","[137438773249,137438822401]",1032193,2,3.2,20,169,94,0,rough,ADPS16 / Core-SVP,"usvp, dual_hybrid; conditional arora-gb (LWE.estimate.rough)",HE Standard-derived ternary classical 128-bit table,True,128,218,218,https://github.com/encryptorion-lab/phantom-fhe/blob/1f4a198443b3af77118e51f53d5b8f332154b875/include/host/hestdparms.h,2d2980ddf7fba0d1fee407999fbb9adf26bf3368,e35f45b7976a90a79c3c6625a45bbc344c1abc67,"host elapsed production execute + resident output retrieval + output result-event wait; inputs and outputs remain GPU-resident; excludes prior-iteration cleanup, output serialization and transfers, input generation, keygen, encrypt, graph validation, decrypt, diagnostics",multiply,100,5.85405e-05,5.701739e-05,,,test_data/fhe-round-trip/phantom/mxx-phantom-36.json,centered_binomial_21,3.24037034920393,uniform_ternary,test_data/fhe-round-trip/optimization/standalone-shared-event/phantom-36-1.json,1f4a198443b3af77118e51f53d5b8f332154b875,1.06e-05,1.084294e-05,6.7839999683201315e-06,6.751680080778897e-06,5.522688679245283,5.258480633481325,,,,,,
2026-09-07,mxx,bgv,test_data/fhe-round-trip/bgv/1788763283536023120-2013503.json,30e0e599e586bd7eb5e62dc41bcc8e7e25626726,NVIDIA GeForce RTX 4080 SUPER,8192,"[68717740033,68718346241,68718428161,68719230977]","[137438773249,137438822401]",1032193,2,3.2,20,169,94,0,rough,ADPS16 / Core-SVP,"usvp, dual_hybrid; conditional arora-gb (LWE.estimate.rough)",HE Standard-derived ternary classical 128-bit table,True,128,218,218,https://github.com/encryptorion-lab/phantom-fhe/blob/1f4a198443b3af77118e51f53d5b8f332154b875/include/host/hestdparms.h,2d2980ddf7fba0d1fee407999fbb9adf26bf3368,e35f45b7976a90a79c3c6625a45bbc344c1abc67,"host elapsed production execute + resident output retrieval + output result-event wait; inputs and outputs remain GPU-resident; excludes prior-iteration cleanup, output serialization and transfers, input generation, keygen, encrypt, graph validation, decrypt, diagnostics",multiply_relinearize,100,0.0002047115,0.00020564837,,,test_data/fhe-round-trip/phantom/mxx-phantom-36.json,centered_binomial_21,3.24037034920393,uniform_ternary,test_data/fhe-round-trip/optimization/standalone-shared-event/phantom-36-1.json,1f4a198443b3af77118e51f53d5b8f332154b875,0.00011611950000000001,0.000116433,0.00011220799759030343,0.0001123216000944376,1.7629381800645023,1.7662378363522369,,,,,,
2026-09-07,mxx,bgv,test_data/fhe-round-trip/bgv/1788763283536023120-2013503.json,30e0e599e586bd7eb5e62dc41bcc8e7e25626726,NVIDIA GeForce RTX 4080 SUPER,8192,"[68717740033,68718346241,68718428161,68719230977]","[137438773249,137438822401]",1032193,2,3.2,20,169,94,0,rough,ADPS16 / Core-SVP,"usvp, dual_hybrid; conditional arora-gb (LWE.estimate.rough)",HE Standard-derived ternary classical 128-bit table,True,128,218,218,https://github.com/encryptorion-lab/phantom-fhe/blob/1f4a198443b3af77118e51f53d5b8f332154b875/include/host/hestdparms.h,2d2980ddf7fba0d1fee407999fbb9adf26bf3368,e35f45b7976a90a79c3c6625a45bbc344c1abc67,"host elapsed production execute + resident output retrieval + output result-event wait; inputs and outputs remain GPU-resident; excludes prior-iteration cleanup, output serialization and transfers, input generation, keygen, encrypt, graph validation, decrypt, diagnostics",multiply_relinearize_modswitch,100,0.0002379495,0.00023797444,,,test_data/fhe-round-trip/phantom/mxx-phantom-36.json,centered_binomial_21,3.24037034920393,uniform_ternary,test_data/fhe-round-trip/optimization/standalone-shared-event/phantom-36-1.json,1f4a198443b3af77118e51f53d5b8f332154b875,0.00015907,0.00015932594,0.00015462400019168853,0.00015512576088309288,1.495879172691268,1.4936327380211911,,,,,,
2026-09-07,mxx,bgv,test_data/fhe-round-trip/bgv/1788763283536023120-2013503.json,30e0e599e586bd7eb5e62dc41bcc8e7e25626726,NVIDIA GeForce RTX 4080 SUPER,8192,"[68717740033,68718346241,68718428161,68719230977]","[137438773249,137438822401]",1032193,2,3.2,20,169,94,0,rough,ADPS16 / Core-SVP,"usvp, dual_hybrid; conditional arora-gb (LWE.estimate.rough)",HE Standard-derived ternary classical 128-bit table,True,128,218,218,https://github.com/encryptorion-lab/phantom-fhe/blob/1f4a198443b3af77118e51f53d5b8f332154b875/include/host/hestdparms.h,2d2980ddf7fba0d1fee407999fbb9adf26bf3368,e35f45b7976a90a79c3c6625a45bbc344c1abc67,"host elapsed production execute + resident output retrieval + output result-event wait; inputs and outputs remain GPU-resident; excludes prior-iteration cleanup, output serialization and transfers, input generation, keygen, encrypt, graph validation, decrypt, diagnostics",relinearize,100,0.000191392,0.00019127641,,,test_data/fhe-round-trip/phantom/mxx-phantom-36.json,centered_binomial_21,3.24037034920393,uniform_ternary,test_data/fhe-round-trip/optimization/standalone-shared-event/phantom-36-1.json,1f4a198443b3af77118e51f53d5b8f332154b875,0.000111596,0.00011188057,0.00010751999914646149,0.00010759007900953293,1.715043549948027,1.7096481542773692,,,,,,
2026-09-07,mxx,bgv,test_data/fhe-round-trip/bgv/1788763283536023120-2013503.json,30e0e599e586bd7eb5e62dc41bcc8e7e25626726,NVIDIA GeForce RTX 4080 SUPER,8192,"[68717740033,68718346241,68718428161,68719230977]","[137438773249,137438822401]",1032193,2,3.2,20,169,94,0,rough,ADPS16 / Core-SVP,"usvp, dual_hybrid; conditional arora-gb (LWE.estimate.rough)",HE Standard-derived ternary classical 128-bit table,True,128,218,218,https://github.com/encryptorion-lab/phantom-fhe/blob/1f4a198443b3af77118e51f53d5b8f332154b875/include/host/hestdparms.h,2d2980ddf7fba0d1fee407999fbb9adf26bf3368,e35f45b7976a90a79c3c6625a45bbc344c1abc67,"host elapsed production execute + resident output retrieval + output result-event wait; inputs and outputs remain GPU-resident; excludes prior-iteration cleanup, output serialization and transfers, input generation, keygen, encrypt, graph validation, decrypt, diagnostics",modswitch,100,7.683e-05,7.742705e-05,,,test_data/fhe-round-trip/phantom/mxx-phantom-36.json,centered_binomial_21,3.24037034920393,uniform_ternary,test_data/fhe-round-trip/optimization/standalone-shared-event/phantom-36-1.json,1f4a198443b3af77118e51f53d5b8f332154b875,4.84915e-05,4.862188e-05,4.403200000524521e-05,4.444256000220776e-05,1.5844013899343181,1.5924322547791243,,,,,,
2026-09-07,mxx,bgv,test_data/fhe-round-trip/bgv/1788763359974259329-2013932.json,30e0e599e586bd7eb5e62dc41bcc8e7e25626726,NVIDIA GeForce RTX 4080 SUPER,8192,"[18014398507892737,18014398508138497,18014398508400641]",[72057594037616641],1032193,1,3.2,20,144,94,0,rough,ADPS16 / Core-SVP,"usvp, dual_hybrid; conditional arora-gb (LWE.estimate.rough)",HE Standard-derived ternary classical 128-bit table,True,128,218,218,https://github.com/encryptorion-lab/phantom-fhe/blob/1f4a198443b3af77118e51f53d5b8f332154b875/include/host/hestdparms.h,2d2980ddf7fba0d1fee407999fbb9adf26bf3368,e35f45b7976a90a79c3c6625a45bbc344c1abc67,"host elapsed production execute + resident output retrieval + output result-event wait; inputs and outputs remain GPU-resident; excludes prior-iteration cleanup, output serialization and transfers, input generation, keygen, encrypt, graph validation, decrypt, diagnostics",multiply,100,6.6561e-05,6.857160999999999e-05,,,test_data/fhe-round-trip/phantom/mxx-phantom-54.json,centered_binomial_21,3.24037034920393,uniform_ternary,test_data/fhe-round-trip/optimization/standalone-shared-event/phantom-54-2.json,1f4a198443b3af77118e51f53d5b8f332154b875,1.05095e-05,1.05433e-05,6.303999805822968e-06,6.528000044636428e-06,6.333412626671107,6.5038090540912235,,,,,,
2026-09-07,mxx,bgv,test_data/fhe-round-trip/bgv/1788763359974259329-2013932.json,30e0e599e586bd7eb5e62dc41bcc8e7e25626726,NVIDIA GeForce RTX 4080 SUPER,8192,"[18014398507892737,18014398508138497,18014398508400641]",[72057594037616641],1032193,1,3.2,20,144,94,0,rough,ADPS16 / Core-SVP,"usvp, dual_hybrid; conditional arora-gb (LWE.estimate.rough)",HE Standard-derived ternary classical 128-bit table,True,128,218,218,https://github.com/encryptorion-lab/phantom-fhe/blob/1f4a198443b3af77118e51f53d5b8f332154b875/include/host/hestdparms.h,2d2980ddf7fba0d1fee407999fbb9adf26bf3368,e35f45b7976a90a79c3c6625a45bbc344c1abc67,"host elapsed production execute + resident output retrieval + output result-event wait; inputs and outputs remain GPU-resident; excludes prior-iteration cleanup, output serialization and transfers, input generation, keygen, encrypt, graph validation, decrypt, diagnostics",multiply_relinearize,100,0.0002100615,0.00021073555,,,test_data/fhe-round-trip/phantom/mxx-phantom-54.json,centered_binomial_21,3.24037034920393,uniform_ternary,test_data/fhe-round-trip/optimization/standalone-shared-event/phantom-54-2.json,1f4a198443b3af77118e51f53d5b8f332154b875,0.00011832349999999999,0.00011860941,0.00011438399925827979,0.0001144508808851242,1.7753151318208134,1.776718643149814,,,,,,
2026-09-07,mxx,bgv,test_data/fhe-round-trip/bgv/1788763359974259329-2013932.json,30e0e599e586bd7eb5e62dc41bcc8e7e25626726,NVIDIA GeForce RTX 4080 SUPER,8192,"[18014398507892737,18014398508138497,18014398508400641]",[72057594037616641],1032193,1,3.2,20,144,94,0,rough,ADPS16 / Core-SVP,"usvp, dual_hybrid; conditional arora-gb (LWE.estimate.rough)",HE Standard-derived ternary classical 128-bit table,True,128,218,218,https://github.com/encryptorion-lab/phantom-fhe/blob/1f4a198443b3af77118e51f53d5b8f332154b875/include/host/hestdparms.h,2d2980ddf7fba0d1fee407999fbb9adf26bf3368,e35f45b7976a90a79c3c6625a45bbc344c1abc67,"host elapsed production execute + resident output retrieval + output result-event wait; inputs and outputs remain GPU-resident; excludes prior-iteration cleanup, output serialization and transfers, input generation, keygen, encrypt, graph validation, decrypt, diagnostics",multiply_relinearize_modswitch,100,0.000233551,0.00023500813,,,test_data/fhe-round-trip/phantom/mxx-phantom-54.json,centered_binomial_21,3.24037034920393,uniform_ternary,test_data/fhe-round-trip/optimization/standalone-shared-event/phantom-54-2.json,1f4a198443b3af77118e51f53d5b8f332154b875,0.0001606485,0.00016109627,0.0001566559970378876,0.0001568991981446743,1.453801311559087,1.4588055328655343,,,,,,
2026-09-07,mxx,bgv,test_data/fhe-round-trip/bgv/1788763359974259329-2013932.json,30e0e599e586bd7eb5e62dc41bcc8e7e25626726,NVIDIA GeForce RTX 4080 SUPER,8192,"[18014398507892737,18014398508138497,18014398508400641]",[72057594037616641],1032193,1,3.2,20,144,94,0,rough,ADPS16 / Core-SVP,"usvp, dual_hybrid; conditional arora-gb (LWE.estimate.rough)",HE Standard-derived ternary classical 128-bit table,True,128,218,218,https://github.com/encryptorion-lab/phantom-fhe/blob/1f4a198443b3af77118e51f53d5b8f332154b875/include/host/hestdparms.h,2d2980ddf7fba0d1fee407999fbb9adf26bf3368,e35f45b7976a90a79c3c6625a45bbc344c1abc67,"host elapsed production execute + resident output retrieval + output result-event wait; inputs and outputs remain GPU-resident; excludes prior-iteration cleanup, output serialization and transfers, input generation, keygen, encrypt, graph validation, decrypt, diagnostics",relinearize,100,0.00019033899999999998,0.00019155305,,,test_data/fhe-round-trip/phantom/mxx-phantom-54.json,centered_binomial_21,3.24037034920393,uniform_ternary,test_data/fhe-round-trip/optimization/standalone-shared-event/phantom-54-2.json,1f4a198443b3af77118e51f53d5b8f332154b875,0.000113985,0.00011434665,0.00010956799983978272,0.0001100649594515562,1.6698600693073649,1.6751959939359833,,,,,,
2026-09-07,mxx,bgv,test_data/fhe-round-trip/bgv/1788763359974259329-2013932.json,30e0e599e586bd7eb5e62dc41bcc8e7e25626726,NVIDIA GeForce RTX 4080 SUPER,8192,"[18014398507892737,18014398508138497,18014398508400641]",[72057594037616641],1032193,1,3.2,20,144,94,0,rough,ADPS16 / Core-SVP,"usvp, dual_hybrid; conditional arora-gb (LWE.estimate.rough)",HE Standard-derived ternary classical 128-bit table,True,128,218,218,https://github.com/encryptorion-lab/phantom-fhe/blob/1f4a198443b3af77118e51f53d5b8f332154b875/include/host/hestdparms.h,2d2980ddf7fba0d1fee407999fbb9adf26bf3368,e35f45b7976a90a79c3c6625a45bbc344c1abc67,"host elapsed production execute + resident output retrieval + output result-event wait; inputs and outputs remain GPU-resident; excludes prior-iteration cleanup, output serialization and transfers, input generation, keygen, encrypt, graph validation, decrypt, diagnostics",modswitch,100,7.762599999999999e-05,7.819162e-05,,,test_data/fhe-round-trip/phantom/mxx-phantom-54.json,centered_binomial_21,3.24037034920393,uniform_ternary,test_data/fhe-round-trip/optimization/standalone-shared-event/phantom-54-2.json,1f4a198443b3af77118e51f53d5b8f332154b875,4.81355e-05,4.820433e-05,4.403200000524521e-05,4.4041919969022274e-05,1.6126559400027005,1.6220870614735232,,,,,,
2026-09-07,mxx,bgv,test_data/fhe-round-trip/bgv/1788763435809618892-2014271.json,30e0e599e586bd7eb5e62dc41bcc8e7e25626726,NVIDIA GeForce RTX 4080 SUPER,8192,"[68717740033,68718346241,68718428161,68719230977]","[137438773249,137438822401]",1032193,2,3.2,20,169,94,0,rough,ADPS16 / Core-SVP,"usvp, dual_hybrid; conditional arora-gb (LWE.estimate.rough)",HE Standard-derived ternary classical 128-bit table,True,128,218,218,https://github.com/encryptorion-lab/phantom-fhe/blob/1f4a198443b3af77118e51f53d5b8f332154b875/include/host/hestdparms.h,2d2980ddf7fba0d1fee407999fbb9adf26bf3368,e35f45b7976a90a79c3c6625a45bbc344c1abc67,"host elapsed production execute + resident output retrieval + output result-event wait; inputs and outputs remain GPU-resident; excludes prior-iteration cleanup, output serialization and transfers, input generation, keygen, encrypt, graph validation, decrypt, diagnostics",multiply,100,6.3685e-05,6.369359e-05,,,test_data/fhe-round-trip/phantom/mxx-phantom-36.json,centered_binomial_21,3.24037034920393,uniform_ternary,test_data/fhe-round-trip/optimization/standalone-shared-event/phantom-36-2.json,1f4a198443b3af77118e51f53d5b8f332154b875,1.067e-05,1.084404e-05,6.7839999683201315e-06,6.705280058085918e-06,5.9686035613870665,5.873603380290003,,,,,,
2026-09-07,mxx,bgv,test_data/fhe-round-trip/bgv/1788763435809618892-2014271.json,30e0e599e586bd7eb5e62dc41bcc8e7e25626726,NVIDIA GeForce RTX 4080 SUPER,8192,"[68717740033,68718346241,68718428161,68719230977]","[137438773249,137438822401]",1032193,2,3.2,20,169,94,0,rough,ADPS16 / Core-SVP,"usvp, dual_hybrid; conditional arora-gb (LWE.estimate.rough)",HE Standard-derived ternary classical 128-bit table,True,128,218,218,https://github.com/encryptorion-lab/phantom-fhe/blob/1f4a198443b3af77118e51f53d5b8f332154b875/include/host/hestdparms.h,2d2980ddf7fba0d1fee407999fbb9adf26bf3368,e35f45b7976a90a79c3c6625a45bbc344c1abc67,"host elapsed production execute + resident output retrieval + output result-event wait; inputs and outputs remain GPU-resident; excludes prior-iteration cleanup, output serialization and transfers, input generation, keygen, encrypt, graph validation, decrypt, diagnostics",multiply_relinearize,100,0.000201786,0.00020175352,,,test_data/fhe-round-trip/phantom/mxx-phantom-36.json,centered_binomial_21,3.24037034920393,uniform_ternary,test_data/fhe-round-trip/optimization/standalone-shared-event/phantom-36-2.json,1f4a198443b3af77118e51f53d5b8f332154b875,0.00011616,0.00011651959,0.00011222399771213532,0.00011242048010230065,1.737138429752066,1.7314987119333325,,,,,,
2026-09-07,mxx,bgv,test_data/fhe-round-trip/bgv/1788763435809618892-2014271.json,30e0e599e586bd7eb5e62dc41bcc8e7e25626726,NVIDIA GeForce RTX 4080 SUPER,8192,"[68717740033,68718346241,68718428161,68719230977]","[137438773249,137438822401]",1032193,2,3.2,20,169,94,0,rough,ADPS16 / Core-SVP,"usvp, dual_hybrid; conditional arora-gb (LWE.estimate.rough)",HE Standard-derived ternary classical 128-bit table,True,128,218,218,https://github.com/encryptorion-lab/phantom-fhe/blob/1f4a198443b3af77118e51f53d5b8f332154b875/include/host/hestdparms.h,2d2980ddf7fba0d1fee407999fbb9adf26bf3368,e35f45b7976a90a79c3c6625a45bbc344c1abc67,"host elapsed production execute + resident output retrieval + output result-event wait; inputs and outputs remain GPU-resident; excludes prior-iteration cleanup, output serialization and transfers, input generation, keygen, encrypt, graph validation, decrypt, diagnostics",multiply_relinearize_modswitch,100,0.0002386755,0.00023868694,,,test_data/fhe-round-trip/phantom/mxx-phantom-36.json,centered_binomial_21,3.24037034920393,uniform_ternary,test_data/fhe-round-trip/optimization/standalone-shared-event/phantom-36-2.json,1f4a198443b3af77118e51f53d5b8f332154b875,0.0001589605,0.00015934244,0.00015462400019168853,0.0001552240005135536,1.5014767819678474,1.4979495732586998,,,,,,
2026-09-07,mxx,bgv,test_data/fhe-round-trip/bgv/1788763435809618892-2014271.json,30e0e599e586bd7eb5e62dc41bcc8e7e25626726,NVIDIA GeForce RTX 4080 SUPER,8192,"[68717740033,68718346241,68718428161,68719230977]","[137438773249,137438822401]",1032193,2,3.2,20,169,94,0,rough,ADPS16 / Core-SVP,"usvp, dual_hybrid; conditional arora-gb (LWE.estimate.rough)",HE Standard-derived ternary classical 128-bit table,True,128,218,218,https://github.com/encryptorion-lab/phantom-fhe/blob/1f4a198443b3af77118e51f53d5b8f332154b875/include/host/hestdparms.h,2d2980ddf7fba0d1fee407999fbb9adf26bf3368,e35f45b7976a90a79c3c6625a45bbc344c1abc67,"host elapsed production execute + resident output retrieval + output result-event wait; inputs and outputs remain GPU-resident; excludes prior-iteration cleanup, output serialization and transfers, input generation, keygen, encrypt, graph validation, decrypt, diagnostics",relinearize,100,0.00018595599999999998,0.00018609418,,,test_data/fhe-round-trip/phantom/mxx-phantom-36.json,centered_binomial_21,3.24037034920393,uniform_ternary,test_data/fhe-round-trip/optimization/standalone-shared-event/phantom-36-2.json,1f4a198443b3af77118e51f53d5b8f332154b875,0.00011137,0.00011172199,0.00010731199756264687,0.00010741119869053364,1.6697135673879857,1.6656898073512654,,,,,,
2026-09-07,mxx,bgv,test_data/fhe-round-trip/bgv/1788763435809618892-2014271.json,30e0e599e586bd7eb5e62dc41bcc8e7e25626726,NVIDIA GeForce RTX 4080 SUPER,8192,"[68717740033,68718346241,68718428161,68719230977]","[137438773249,137438822401]",1032193,2,3.2,20,169,94,0,rough,ADPS16 / Core-SVP,"usvp, dual_hybrid; conditional arora-gb (LWE.estimate.rough)",HE Standard-derived ternary classical 128-bit table,True,128,218,218,https://github.com/encryptorion-lab/phantom-fhe/blob/1f4a198443b3af77118e51f53d5b8f332154b875/include/host/hestdparms.h,2d2980ddf7fba0d1fee407999fbb9adf26bf3368,e35f45b7976a90a79c3c6625a45bbc344c1abc67,"host elapsed production execute + resident output retrieval + output result-event wait; inputs and outputs remain GPU-resident; excludes prior-iteration cleanup, output serialization and transfers, input generation, keygen, encrypt, graph validation, decrypt, diagnostics",modswitch,100,7.916499999999999e-05,7.96566e-05,,,test_data/fhe-round-trip/phantom/mxx-phantom-36.json,centered_binomial_21,3.24037034920393,uniform_ternary,test_data/fhe-round-trip/optimization/standalone-shared-event/phantom-36-2.json,1f4a198443b3af77118e51f53d5b8f332154b875,4.85665e-05,4.855809e-05,4.403200000524521e-05,4.437024001032114e-05,1.6300330474709932,1.6404393171148206,,,,,,
2026-09-07,mxx,bgv,test_data/fhe-round-trip/bgv/1788763512219586103-2014697.json,30e0e599e586bd7eb5e62dc41bcc8e7e25626726,NVIDIA GeForce RTX 4080 SUPER,8192,"[18014398507892737,18014398508138497,18014398508400641]",[72057594037616641],1032193,1,3.2,20,144,94,0,rough,ADPS16 / Core-SVP,"usvp, dual_hybrid; conditional arora-gb (LWE.estimate.rough)",HE Standard-derived ternary classical 128-bit table,True,128,218,218,https://github.com/encryptorion-lab/phantom-fhe/blob/1f4a198443b3af77118e51f53d5b8f332154b875/include/host/hestdparms.h,2d2980ddf7fba0d1fee407999fbb9adf26bf3368,e35f45b7976a90a79c3c6625a45bbc344c1abc67,"host elapsed production execute + resident output retrieval + output result-event wait; inputs and outputs remain GPU-resident; excludes prior-iteration cleanup, output serialization and transfers, input generation, keygen, encrypt, graph validation, decrypt, diagnostics",multiply,100,6.5248e-05,6.624917e-05,,,test_data/fhe-round-trip/phantom/mxx-phantom-54.json,centered_binomial_21,3.24037034920393,uniform_ternary,test_data/fhe-round-trip/optimization/standalone-shared-event/phantom-54-3.json,1f4a198443b3af77118e51f53d5b8f332154b875,1.0444999999999999e-05,1.054666e-05,6.144000217318535e-06,6.4742400823161e-06,6.246816658688368,6.281530835354509,,,,,,
2026-09-07,mxx,bgv,test_data/fhe-round-trip/bgv/1788763512219586103-2014697.json,30e0e599e586bd7eb5e62dc41bcc8e7e25626726,NVIDIA GeForce RTX 4080 SUPER,8192,"[18014398507892737,18014398508138497,18014398508400641]",[72057594037616641],1032193,1,3.2,20,144,94,0,rough,ADPS16 / Core-SVP,"usvp, dual_hybrid; conditional arora-gb (LWE.estimate.rough)",HE Standard-derived ternary classical 128-bit table,True,128,218,218,https://github.com/encryptorion-lab/phantom-fhe/blob/1f4a198443b3af77118e51f53d5b8f332154b875/include/host/hestdparms.h,2d2980ddf7fba0d1fee407999fbb9adf26bf3368,e35f45b7976a90a79c3c6625a45bbc344c1abc67,"host elapsed production execute + resident output retrieval + output result-event wait; inputs and outputs remain GPU-resident; excludes prior-iteration cleanup, output serialization and transfers, input generation, keygen, encrypt, graph validation, decrypt, diagnostics",multiply_relinearize,100,0.0002068855,0.00020805347,,,test_data/fhe-round-trip/phantom/mxx-phantom-54.json,centered_binomial_21,3.24037034920393,uniform_ternary,test_data/fhe-round-trip/optimization/standalone-shared-event/phantom-54-3.json,1f4a198443b3af77118e51f53d5b8f332154b875,0.000118369,0.00011861742,0.00011444799974560737,0.0001145571206510067,1.7478013669119448,1.7539874834573204,,,,,,
2026-09-07,mxx,bgv,test_data/fhe-round-trip/bgv/1788763512219586103-2014697.json,30e0e599e586bd7eb5e62dc41bcc8e7e25626726,NVIDIA GeForce RTX 4080 SUPER,8192,"[18014398507892737,18014398508138497,18014398508400641]",[72057594037616641],1032193,1,3.2,20,144,94,0,rough,ADPS16 / Core-SVP,"usvp, dual_hybrid; conditional arora-gb (LWE.estimate.rough)",HE Standard-derived ternary classical 128-bit table,True,128,218,218,https://github.com/encryptorion-lab/phantom-fhe/blob/1f4a198443b3af77118e51f53d5b8f332154b875/include/host/hestdparms.h,2d2980ddf7fba0d1fee407999fbb9adf26bf3368,e35f45b7976a90a79c3c6625a45bbc344c1abc67,"host elapsed production execute + resident output retrieval + output result-event wait; inputs and outputs remain GPU-resident; excludes prior-iteration cleanup, output serialization and transfers, input generation, keygen, encrypt, graph validation, decrypt, diagnostics",multiply_relinearize_modswitch,100,0.00023260400000000002,0.00023331039,,,test_data/fhe-round-trip/phantom/mxx-phantom-54.json,centered_binomial_21,3.24037034920393,uniform_ternary,test_data/fhe-round-trip/optimization/standalone-shared-event/phantom-54-3.json,1f4a198443b3af77118e51f53d5b8f332154b875,0.000160664,0.00016108441,0.0001566399931907654,0.00015683487832546234,1.4477667679131605,1.4483734956101586,,,,,,
2026-09-07,mxx,bgv,test_data/fhe-round-trip/bgv/1788763512219586103-2014697.json,30e0e599e586bd7eb5e62dc41bcc8e7e25626726,NVIDIA GeForce RTX 4080 SUPER,8192,"[18014398507892737,18014398508138497,18014398508400641]",[72057594037616641],1032193,1,3.2,20,144,94,0,rough,ADPS16 / Core-SVP,"usvp, dual_hybrid; conditional arora-gb (LWE.estimate.rough)",HE Standard-derived ternary classical 128-bit table,True,128,218,218,https://github.com/encryptorion-lab/phantom-fhe/blob/1f4a198443b3af77118e51f53d5b8f332154b875/include/host/hestdparms.h,2d2980ddf7fba0d1fee407999fbb9adf26bf3368,e35f45b7976a90a79c3c6625a45bbc344c1abc67,"host elapsed production execute + resident output retrieval + output result-event wait; inputs and outputs remain GPU-resident; excludes prior-iteration cleanup, output serialization and transfers, input generation, keygen, encrypt, graph validation, decrypt, diagnostics",relinearize,100,0.0001881055,0.00018851122,,,test_data/fhe-round-trip/phantom/mxx-phantom-54.json,centered_binomial_21,3.24037034920393,uniform_ternary,test_data/fhe-round-trip/optimization/standalone-shared-event/phantom-54-3.json,1f4a198443b3af77118e51f53d5b8f332154b875,0.000114095,0.00011429547,0.00010956799983978272,0.00010998495921492577,1.6486743503221,1.6493323838643825,,,,,,
2026-09-07,mxx,bgv,test_data/fhe-round-trip/bgv/1788763512219586103-2014697.json,30e0e599e586bd7eb5e62dc41bcc8e7e25626726,NVIDIA GeForce RTX 4080 SUPER,8192,"[18014398507892737,18014398508138497,18014398508400641]",[72057594037616641],1032193,1,3.2,20,144,94,0,rough,ADPS16 / Core-SVP,"usvp, dual_hybrid; conditional arora-gb (LWE.estimate.rough)",HE Standard-derived ternary classical 128-bit table,True,128,218,218,https://github.com/encryptorion-lab/phantom-fhe/blob/1f4a198443b3af77118e51f53d5b8f332154b875/include/host/hestdparms.h,2d2980ddf7fba0d1fee407999fbb9adf26bf3368,e35f45b7976a90a79c3c6625a45bbc344c1abc67,"host elapsed production execute + resident output retrieval + output result-event wait; inputs and outputs remain GPU-resident; excludes prior-iteration cleanup, output serialization and transfers, input generation, keygen, encrypt, graph validation, decrypt, diagnostics",modswitch,100,7.889400000000001e-05,7.879639e-05,,,test_data/fhe-round-trip/phantom/mxx-phantom-54.json,centered_binomial_21,3.24037034920393,uniform_ternary,test_data/fhe-round-trip/optimization/standalone-shared-event/phantom-54-3.json,1f4a198443b3af77118e51f53d5b8f332154b875,4.82005e-05,4.826668e-05,4.403200000524521e-05,4.408768009394407e-05,1.6367880001244801,1.6325214412924194,,,,,,
2026-09-07,mxx,bgv,test_data/fhe-round-trip/bgv/1788763588286487421-2015200.json,30e0e599e586bd7eb5e62dc41bcc8e7e25626726,NVIDIA GeForce RTX 4080 SUPER,8192,"[68717740033,68718346241,68718428161,68719230977]","[137438773249,137438822401]",1032193,2,3.2,20,169,94,0,rough,ADPS16 / Core-SVP,"usvp, dual_hybrid; conditional arora-gb (LWE.estimate.rough)",HE Standard-derived ternary classical 128-bit table,True,128,218,218,https://github.com/encryptorion-lab/phantom-fhe/blob/1f4a198443b3af77118e51f53d5b8f332154b875/include/host/hestdparms.h,2d2980ddf7fba0d1fee407999fbb9adf26bf3368,e35f45b7976a90a79c3c6625a45bbc344c1abc67,"host elapsed production execute + resident output retrieval + output result-event wait; inputs and outputs remain GPU-resident; excludes prior-iteration cleanup, output serialization and transfers, input generation, keygen, encrypt, graph validation, decrypt, diagnostics",multiply,100,6.24975e-05,6.333833e-05,,,test_data/fhe-round-trip/phantom/mxx-phantom-36.json,centered_binomial_21,3.24037034920393,uniform_ternary,test_data/fhe-round-trip/optimization/standalone-shared-event/phantom-36-3.json,1f4a198443b3af77118e51f53d5b8f332154b875,1.0715000000000002e-05,1.073008e-05,6.800000090152025e-06,6.6108800657093525e-06,5.832711152589827,5.902875840627471,,,,,,
2026-09-07,mxx,bgv,test_data/fhe-round-trip/bgv/1788763588286487421-2015200.json,30e0e599e586bd7eb5e62dc41bcc8e7e25626726,NVIDIA GeForce RTX 4080 SUPER,8192,"[68717740033,68718346241,68718428161,68719230977]","[137438773249,137438822401]",1032193,2,3.2,20,169,94,0,rough,ADPS16 / Core-SVP,"usvp, dual_hybrid; conditional arora-gb (LWE.estimate.rough)",HE Standard-derived ternary classical 128-bit table,True,128,218,218,https://github.com/encryptorion-lab/phantom-fhe/blob/1f4a198443b3af77118e51f53d5b8f332154b875/include/host/hestdparms.h,2d2980ddf7fba0d1fee407999fbb9adf26bf3368,e35f45b7976a90a79c3c6625a45bbc344c1abc67,"host elapsed production execute + resident output retrieval + output result-event wait; inputs and outputs remain GPU-resident; excludes prior-iteration cleanup, output serialization and transfers, input generation, keygen, encrypt, graph validation, decrypt, diagnostics",multiply_relinearize,100,0.0002098915,0.00021030237,,,test_data/fhe-round-trip/phantom/mxx-phantom-36.json,centered_binomial_21,3.24037034920393,uniform_ternary,test_data/fhe-round-trip/optimization/standalone-shared-event/phantom-36-3.json,1f4a198443b3af77118e51f53d5b8f332154b875,0.000116279,0.00011664501,0.00011239999905228614,0.00011257504008710384,1.8050679830407899,1.8029264175124164,,,,,,
2026-09-07,mxx,bgv,test_data/fhe-round-trip/bgv/1788763588286487421-2015200.json,30e0e599e586bd7eb5e62dc41bcc8e7e25626726,NVIDIA GeForce RTX 4080 SUPER,8192,"[68717740033,68718346241,68718428161,68719230977]","[137438773249,137438822401]",1032193,2,3.2,20,169,94,0,rough,ADPS16 / Core-SVP,"usvp, dual_hybrid; conditional arora-gb (LWE.estimate.rough)",HE Standard-derived ternary classical 128-bit table,True,128,218,218,https://github.com/encryptorion-lab/phantom-fhe/blob/1f4a198443b3af77118e51f53d5b8f332154b875/include/host/hestdparms.h,2d2980ddf7fba0d1fee407999fbb9adf26bf3368,e35f45b7976a90a79c3c6625a45bbc344c1abc67,"host elapsed production execute + resident output retrieval + output result-event wait; inputs and outputs remain GPU-resident; excludes prior-iteration cleanup, output serialization and transfers, input generation, keygen, encrypt, graph validation, decrypt, diagnostics",multiply_relinearize_modswitch,100,0.000243214,0.0002435121,,,test_data/fhe-round-trip/phantom/mxx-phantom-36.json,centered_binomial_21,3.24037034920393,uniform_ternary,test_data/fhe-round-trip/optimization/standalone-shared-event/phantom-36-3.json,1f4a198443b3af77118e51f53d5b8f332154b875,0.000159145,0.00015952392,0.00015462400019168853,0.00015527584090828896,1.5282541078890322,1.5264927040408736,,,,,,
2026-09-07,mxx,bgv,test_data/fhe-round-trip/bgv/1788763588286487421-2015200.json,30e0e599e586bd7eb5e62dc41bcc8e7e25626726,NVIDIA GeForce RTX 4080 SUPER,8192,"[68717740033,68718346241,68718428161,68719230977]","[137438773249,137438822401]",1032193,2,3.2,20,169,94,0,rough,ADPS16 / Core-SVP,"usvp, dual_hybrid; conditional arora-gb (LWE.estimate.rough)",HE Standard-derived ternary classical 128-bit table,True,128,218,218,https://github.com/encryptorion-lab/phantom-fhe/blob/1f4a198443b3af77118e51f53d5b8f332154b875/include/host/hestdparms.h,2d2980ddf7fba0d1fee407999fbb9adf26bf3368,e35f45b7976a90a79c3c6625a45bbc344c1abc67,"host elapsed production execute + resident output retrieval + output result-event wait; inputs and outputs remain GPU-resident; excludes prior-iteration cleanup, output serialization and transfers, input generation, keygen, encrypt, graph validation, decrypt, diagnostics",relinearize,100,0.00019095050000000001,0.00019158744,,,test_data/fhe-round-trip/phantom/mxx-phantom-36.json,centered_binomial_21,3.24037034920393,uniform_ternary,test_data/fhe-round-trip/optimization/standalone-shared-event/phantom-36-3.json,1f4a198443b3af77118e51f53d5b8f332154b875,0.000111385,0.00011172926,0.00010731199756264687,0.00010738015890121459,1.7143286798042825,1.7147472381003865,,,,,,
2026-09-07,mxx,bgv,test_data/fhe-round-trip/bgv/1788763588286487421-2015200.json,30e0e599e586bd7eb5e62dc41bcc8e7e25626726,NVIDIA GeForce RTX 4080 SUPER,8192,"[68717740033,68718346241,68718428161,68719230977]","[137438773249,137438822401]",1032193,2,3.2,20,169,94,0,rough,ADPS16 / Core-SVP,"usvp, dual_hybrid; conditional arora-gb (LWE.estimate.rough)",HE Standard-derived ternary classical 128-bit table,True,128,218,218,https://github.com/encryptorion-lab/phantom-fhe/blob/1f4a198443b3af77118e51f53d5b8f332154b875/include/host/hestdparms.h,2d2980ddf7fba0d1fee407999fbb9adf26bf3368,e35f45b7976a90a79c3c6625a45bbc344c1abc67,"host elapsed production execute + resident output retrieval + output result-event wait; inputs and outputs remain GPU-resident; excludes prior-iteration cleanup, output serialization and transfers, input generation, keygen, encrypt, graph validation, decrypt, diagnostics",modswitch,100,7.954e-05,8.034305e-05,,,test_data/fhe-round-trip/phantom/mxx-phantom-36.json,centered_binomial_21,3.24037034920393,uniform_ternary,test_data/fhe-round-trip/optimization/standalone-shared-event/phantom-36-3.json,1f4a198443b3af77118e51f53d5b8f332154b875,4.8466999999999995e-05,4.852203e-05,4.403200000524521e-05,4.439391989260912e-05,1.6411166360616505,1.6558056206634388,,,,,,
